日期,指數,量,5ma趨勢,20ma趨勢,均差,上市多頭家數,上市空頭家數,上櫃多頭家數,上櫃空頭家數,外資買超,op OI,匯率,特殊信號,上市強勢主流,上櫃強勢主流,上市弱勢主流,上櫃弱勢主流,買權留倉最大量,買權留倉次量,賣權留倉最大量,賣權留倉次量,買權留倉增加最多,賣權留倉增加最多,多頭家數,空頭家數,tse_buy,tse_sell,otc_buy,otc_sell,八大行庫,台指期
2020-04-17,10597.04,2332,多 :0.85,多 :0.71,557,647.5,7.5,498.0,24.5,203,180.06,30.101999999999997,起漲日,"['半導體業(5.6)', '其他電子業(1.75)', '光電業(1.55)', '電機機械(1.32)']",['觀光事業(1.21)'],[],"['線上遊戲業(-4.14)', '文化創意業(-2.87)', '化學工業(-1.11)']",11000.0, 11100   7439(  2178),10000.0,  9000   5294(   278),10800.0,10000.0,500,13,1073.6481254546134,1112.6252145953868,190.6093003602916,336.5219891097084,4.7,10561
2020-04-16,10375.48,1576,多 :0.50,多 :0.48,538,723.5,6.0,541.5,26.5,-124,182.64,30.12,,[],"['資訊服務類(1.75)', '電子零組件類(1.63)', '生技醫療類(1.61)', '電子通路類(1.47)', '光電業類(1.35)']","['玻璃陶瓷(-2.24)', '汽車工業(-1.82)', '紡織纖維(-1.71)', '觀光事業(-1.56)', '橡膠工業(-1.49)', '金融保險(-1.49)', '塑膠工業(-1.38)', '航運業(-1.23)', '其他(-1.21)', '電器電纜(-1.17)', '鋼鐵工業(-1.14)']",[],11000.0, 10600   6323(   909),10000.0,  9000   5016(  1567),10400.0,9800.0,617,12,793.4489695754486,680.7044430045514,233.31508839909927,139.15558436090072,29.9,10302
2020-04-15,10447.21,1949,多 :0.61,多 :0.38,534,790.5,9.5,573.0,29.0,-36,207.67,30.031,多頭k,"['觀光事業(4.48)', '玻璃陶瓷(3.19)', '造紙工業(2.39)', '航運業(2.27)', '汽車工業(2.16)', '電子零組件業(2.08)', '化學工業(1.93)', '金融保險(1.68)', '建材營造(1.58)', '化學生技醫療(1.44)', '資訊服務業(1.41)', '電子通路業(1.4)', '其他(1.36)', '鋼鐵工業(1.34)', '油電燃氣業(1.12)', '塑膠工業(1.01)']","['觀光事業(3.82)', '航運業(2.29)', '電子零組件類(2.26)', '電腦及週邊類(2.14)', '建材營造(1.58)', '其他電子類(1.44)', '電子工業(1.35)', '電機機械(1.25)', '化學工業(1.24)', '其他(1.23)', '光電業類(1.20)', '半導體類(1.15)']",[],[],11000.0, 10600   5414( -5769),10000.0,  9000   3449( -8073),11300.0,10600.0,989,11,1122.281153832212,713.8143084677879,224.1080199315681,189.71352812843185,5.6,10450
2020-04-14,10332.94,1580,多 :0.67,多 :0.11,508,815.5,11.0,609.5,32.0,151,191.24,30.071,起漲日,"['電子零組件業(3.9)', '光電業(3.16)', '半導體業(2.63)', '汽車工業(2.63)', '其他(2.6)', '紡織纖維(2.51)', '塑膠工業(2.49)', '電機機械(2.43)', '金融保險(2.43)', '橡膠工業(2.39)', '電腦及週邊設備業(2.22)', '水泥工業(1.93)', '其他電子業(1.83)', '生技醫療業(1.79)', '化學生技醫療(1.76)', '航運業(1.73)', '化學工業(1.72)', '觀光事業(1.65)', '玻璃陶瓷(1.62)', '建材營造(1.58)', '貿易百貨(1.51)', '電子通路業(1.44)', '造紙工業(1.28)', '通信網路業(1.14)', '油電燃氣業(1.09)', '資訊服務業(1.06)', '鋼鐵工業(1.01)']","['半導體類(2.87)', '其他電子類(2.65)', '電子工業(2.45)', '光電業類(2.23)', '通信網路業(2.13)', '電子零組件類(2.07)', '電腦及週邊類(1.56)', '生技醫療類(1.50)', '觀光事業(1.49)', '電機機械(1.48)', '電子通路類(1.44)', '化學工業(1.31)', '紡織纖維(1.23)', '其他(1.17)', '文化創意業(1.14)', '航運業(1.14)', '線上遊戲業(1.02)']",[],[],10500.0, 10400  14246(  -177),10000.0, 10150  14609( 12153),10450.0,10300.0,734,13,1115.2718788018096,320.3970451881905,237.7255658509572,96.2985414090428,-1.1,10346
2020-04-13,10099.22,1189,多 :0.56,空:-0.17,451,822.0,14.5,604.0,38.0,-75,166.97,30.12,,['電器電纜(3.58)'],"['電子通路類(2.55)', '生技醫療類(2.11)', '航運業(1.90)']","['汽車工業(-1.8)', '油電燃氣業(-1.3)', '塑膠工業(-1.12)', '造紙工業(-1.1)', '航運業(-1.09)']","['紡織纖維(-1.80)', '線上遊戲業(-1.61)', '文化創意業(-1.37)', '半導體類(-1.22)']",10500.0, 10400  14423(   844),10000.0,  9700  14470(  1016),10350.0,10000.0,236,19,434.126823122007,628.0646120179929,128.46997076255184,162.77151369744817,25.6,10073
2020-04-10,10157.61,1223,多 :0.99,空:-0.38,379,802.5,16.0,561.0,46.5,0,173.63,30.103,,"['金融保險(2.62)', '電機機械(2.42)', '橡膠工業(2.26)', '電器電纜(2.03)', '建材營造(1.93)', '玻璃陶瓷(1.86)', '汽車工業(1.61)', '化學工業(1.48)', '其他(1.31)', '紡織纖維(1.14)', '鋼鐵工業(1.08)', '電子通路業(1.03)', '塑膠工業(1.02)']","['線上遊戲業(2.51)', '化學工業(2.19)', '文化創意業(2.18)', '電子通路類(2.10)', '通信網路業(1.96)', '其他電子類(1.43)', '紡織纖維(1.11)']","['光電業(-1.14)', '半導體業(-1.07)']",[],10500.0, 10400  13579(  2432),10000.0,  9700  13454(  1993),10500.0,9600.0,128,21,632.4068059907603,491.53170078923966,161.83217011473118,123.02904904526878,0.7,10133
2020-04-09,10119.43,1653,多 :0.83,空:-0.45,243,662.5,34.0,460.5,62.5,-74,177.12,30.151999999999997,,"['航運業(3.66)', '生技醫療業(1.85)']","['光電業類(1.58)', '線上遊戲業(1.09)', '觀光事業(1.00)']",['光電業(-2.3)'],"['通信網路業(-1.64)', '半導體類(-1.45)']",10500.0, 10400  11147(  2750),10000.0,  9000  11998(    75),10500.0,9900.0,81,24,588.6333941046796,949.5446847453204,128.11466088130544,269.2143382986946,33.4,10101
2020-04-08,10137.47,1706,多 :1.04,空:-0.43,117,466.5,44.0,323.5,79.5,3,184.91,30.16,多頭k,"['玻璃陶瓷(7.48)', '其他電子業(4.03)', '電子零組件業(3.71)', '航運業(3.55)', '水泥工業(3.51)', '橡膠工業(2.98)', '電器電纜(2.83)', '觀光事業(2.45)', '紡織纖維(2.05)', '其他(2.05)', '光電業(2.0)', '塑膠工業(1.75)', '化學工業(1.73)', '鋼鐵工業(1.63)', '建材營造(1.6)', '造紙工業(1.58)', '汽車工業(1.45)', '食品工業(1.18)', '化學生技醫療(1.16)', '電機機械(1.12)', '電子通路業(1.04)', '油電燃氣業(1.03)']","['電子零組件類(4.43)', '光電業類(3.26)', '紡織纖維(2.88)', '電子通路類(2.76)', '電子工業(2.43)', '電腦及週邊類(2.24)', '半導體類(2.11)', '電機機械(2.05)', '其他電子類(1.91)', '化學工業(1.88)', '生技醫療類(1.82)', '資訊服務類(1.80)', '其他(1.61)', '建材營造(1.40)']",[],[],10500.0, 10000  10192(   -48),9000.0,  8400  11661(  2052),10500.0,10000.0,82,27,1112.753502538385,458.127271661615,273.36184247209314,122.17409270790688,11.5,10127
2020-04-07,9996.39,1741,多 :0.61,空:-0.67,-26,267.0,49.5,185.5,84.5,34,173.2,30.151999999999997,多頭k,"['玻璃陶瓷(3.14)', '半導體業(2.86)', '電子零組件業(2.71)', '紡織纖維(2.57)', '橡膠工業(2.48)', '塑膠工業(2.47)', '其他(2.21)', '水泥工業(2.12)', '光電業(1.92)', '觀光事業(1.72)', '資訊服務業(1.7)', '化學工業(1.58)', '電器電纜(1.57)', '其他電子業(1.57)', '航運業(1.39)', '油電燃氣業(1.31)', '電機機械(1.3)', '貿易百貨(1.17)', '建材營造(1.0)']","['電子通路類(3.21)', '其他電子類(2.67)', '光電業類(2.63)', '電子零組件類(2.62)', '半導體類(2.58)', '航運業(2.57)', '電子工業(2.50)', '資訊服務類(2.31)', '電腦及週邊類(2.20)', '通信網路業(1.86)', '電機機械(1.76)', '觀光事業(1.36)', '紡織纖維(1.32)', '文化創意業(1.32)', '生技醫療類(1.21)', '化學工業(1.21)', '其他(1.14)']",[],[],10000.0, 10500   8015(   145),9000.0,  7300  11093(   379),10100.0,9800.0,48,43,1026.6245966471242,578.9805054128756,240.9054486138289,158.15570190617106,8.7,9997
2020-04-06,9818.74,1531,多 :0.17,空:-0.85,-151,159.5,51.5,103.5,86.5,21,171.57,30.231,,"['食品工業(3.85)', '電機機械(3.5)', '塑膠工業(3.2)', '汽車工業(3.01)', '油電燃氣業(2.84)', '電腦及週邊設備業(2.83)', '光電業(2.55)', '生技醫療業(2.27)', '半導體業(1.78)', '通信網路業(1.77)', '資訊服務業(1.74)', '化學生技醫療(1.71)', '電子零組件業(1.69)', '鋼鐵工業(1.28)', '電子通路業(1.2)', '化學工業(1.16)', '紡織纖維(1.11)']","['線上遊戲業(6.26)', '文化創意業(4.53)', '電腦及週邊類(3.14)', '半導體類(3.05)', '生技醫療類(2.42)', '電子工業(2.24)', '其他電子類(1.95)', '電子通路類(1.34)', '資訊服務類(1.17)']",[],['觀光事業(-1.16)'],10000.0, 10500   7870(  1185),9000.0,  7300  10714(   674),10500.0,8900.0,27,59,902.5509359612782,484.07741348872185,223.42233767737147,88.58787996262853,-16.9,9826
2020-04-01,9663.63,1205,多 :0.04,空:-0.86,-253,90.5,37.0,62.0,67.5,-47,180.53,30.308000000000003,,"['資訊服務業(1.06)', '光電業(1.04)']","['電子通路類(1.99)', '其他電子類(1.85)', '生技醫療類(1.45)', '通信網路業(1.29)', '線上遊戲業(1.27)', '文化創意業(1.13)']","['油電燃氣業(-3.83)', '汽車工業(-1.98)', '水泥工業(-1.43)', '塑膠工業(-1.17)']",[],10000.0, 10200   6923(   509),9000.0,  8400  11254(    20),9800.0,9300.0,26,50,496.5964024566441,584.3598682333559,133.63203483028914,108.19782922971085,5.9,9552
2020-03-31,9708.06,1471,多 :0.88,空:-0.80,-343,65.0,34.5,43.0,69.5,-58,165.01,30.254,,"['食品工業(3.32)', '貿易百貨(2.62)', '建材營造(1.78)', '電腦及週邊設備業(1.76)', '半導體業(1.72)', '電子通路業(1.15)']","['資訊服務類(1.45)', '電機機械(1.16)', '生技醫療類(1.07)', '通信網路業(1.05)']",[],[],10000.0, 11000   6915(   -31),9000.0,  8400  11234(   409),9600.0,9600.0,24,51,665.0954262750607,684.0091407549393,113.71371697846598,173.56844606153405,16.5,9596
2020-03-30,9629.43,1266,多 :1.56,空:-0.76,-508,37.0,65.5,22.5,97.0,-48,165.9,30.233,,"['生技醫療業(1.53)', '資訊服務業(1.31)']","['線上遊戲業(2.16)', '資訊服務類(1.42)', '文化創意業(1.32)']","['半導體業(-1.62)', '光電業(-1.61)', '其他(-1.36)', '鋼鐵工業(-1.34)', '電器電纜(-1.26)', '航運業(-1.03)', '通信網路業(-1.0)']",['其他(-1.31)'],10000.0, 11000   6946(   -32),9000.0,  8400  10825(  1034),10200.0,9400.0,19,56,624.1718922616699,455.39060833833014,174.8332096892196,79.28521736078038,9.7,9576
2020-03-27,9698.92,1816,多 :0.99,空:-0.78,-733,19.0,198.0,13.5,194.0,-96,173.83,30.236,出貨日,"['汽車工業(2.0)', '金融保險(1.89)', '化學工業(1.07)', '其他(1.07)']","['線上遊戲業(1.56)', '光電業類(1.47)', '生技醫療類(1.23)', '文化創意業(1.22)']","['半導體業(-1.99)', '造紙工業(-1.94)', '光電業(-1.49)', '食品工業(-1.26)', '電機機械(-1.05)']",['半導體類(-1.05)'],10000.0, 11000   6978(   525),9000.0,  8800   9974(  -188),10800.0,9800.0,11,39,555.9284932262167,1089.0889163237832,123.68215195297974,269.99539504702017,23.5,9583
2020-03-26,9736.36,1542,多 :2.31,空:-0.82,-906,8.5,349.5,14.0,290.5,86,182.99,30.306,,"['汽車工業(5.76)', '生技醫療業(3.23)', '其他(2.3)', '電子通路業(2.14)', '光電業(2.1)', '電腦及週邊設備業(2.09)', '電機機械(1.92)', '電子零組件業(1.78)', '化學生技醫療(1.74)', '造紙工業(1.62)', '貿易百貨(1.45)', '油電燃氣業(1.43)', '半導體業(1.3)', '觀光事業(1.24)']","['線上遊戲業(3.32)', '通信網路業(3.15)', '電腦及週邊類(3.03)', '文化創意業(2.45)', '半導體類(2.02)', '電子工業(2.02)', '電子零組件類(1.94)', '紡織纖維(1.83)', '觀光事業(1.69)', '生技醫療類(1.65)', '其他電子類(1.41)', '建材營造(1.37)', '航運業(1.31)']",['橡膠工業(-1.12)'],['電子通路類(-1.02)'],10000.0, 11000   6453(  1993),9000.0,  8800  10162(   390),9600.0,8600.0,14,40,788.7708228580659,585.0463210219341,203.39311374749118,128.43969872250878,-1.8,9638
2020-03-25,9644.75,1845,多 :0.94,空:-0.91,-1202,5.0,484.5,9.5,406.0,-22,198.07,30.325,,"['汽車工業(8.28)', '塑膠工業(6.17)', '光電業(5.86)', '紡織纖維(5.66)', '其他(5.64)', '電機機械(5.48)', '電子零組件業(5.31)', '建材營造(4.71)', '玻璃陶瓷(4.4)', '觀光事業(4.37)', '航運業(4.31)', '電子通路業(3.98)', '半導體業(3.76)', '金融保險(3.73)', '電器電纜(3.72)', '電腦及週邊設備業(3.54)', '其他電子業(3.36)', '生技醫療業(3.15)', '資訊服務業(3.05)', '化學生技醫療(3.0)', '化學工業(2.91)', '橡膠工業(2.58)', '鋼鐵工業(2.41)', '通信網路業(2.35)', '造紙工業(2.14)', '貿易百貨(1.94)', '水泥工業(1.5)', '油電燃氣業(1.42)']","['半導體類(5.21)', '電子工業(4.40)', '電子零組件類(4.28)', '電腦及週邊類(4.25)', '其他電子類(4.03)', '生技醫療類(3.78)', '化學工業(3.58)', '光電業類(3.51)', '電機機械(3.43)', '其他(3.31)', '資訊服務類(3.24)', '紡織纖維(3.15)', '觀光事業(3.11)', '建材營造(2.82)', '電子通路類(2.23)', '文化創意業(2.00)', '線上遊戲業(1.70)', '鋼鐵工業(1.60)', '航運業(1.23)', '通信網路業(1.21)']",[],[],10000.0, 11700   6223(   -70),9000.0,  8800   9772(   264),10000.0,9000.0,11,43,1185.5473265611631,468.0104448388365,238.65257264651194,129.58496854348803,0.9,9583
2020-03-24,9285.62,1548,空:-0.34,空:-1.07,-1382,4.0,565.0,8.0,463.5,52,164.88,30.316,,"['油電燃氣業(7.39)', '汽車工業(6.53)', '光電業(5.65)', '塑膠工業(5.56)', '電子零組件業(5.33)', '電腦及週邊設備業(5.27)', '食品工業(5.17)', '半導體業(5.16)', '觀光事業(5.08)', '紡織纖維(4.56)', '其他(4.51)', '水泥工業(4.34)', '電子通路業(4.32)', '電機機械(3.89)', '建材營造(3.67)', '金融保險(3.5)', '其他電子業(3.46)', '航運業(3.24)', '資訊服務業(3.23)', '生技醫療業(3.12)', '化學生技醫療(2.86)', '化學工業(2.6)', '通信網路業(1.94)', '橡膠工業(1.87)', '電器電纜(1.87)', '玻璃陶瓷(1.85)', '貿易百貨(1.84)', '鋼鐵工業(1.49)', '造紙工業(1.44)']","['線上遊戲業(7.59)', '文化創意業(6.91)', '半導體類(5.75)', '其他電子類(5.29)', '電腦及週邊類(5.05)', '光電業類(4.95)', '紡織纖維(4.82)', '電子零組件類(4.71)', '通信網路業(4.55)', '資訊服務類(4.26)', '化學工業(3.90)', '觀光事業(3.79)', '生技醫療類(3.63)', '電機機械(3.57)', '建材營造(2.85)', '電子通路類(2.84)', '其他(2.48)']",[],['電子工業(-3.05)'],10000.0, 11700   6293(    31),8800.0,  8400   8471(  2061),9700.0,8400.0,7,105,978.9058924392816,366.6399249007186,215.1848054707965,63.52306546920347,-3.4,9193
2020-03-23,8890.03,1540,空:-1.79,空:-1.31,-1464,3.0,779.0,5.0,615.0,-158,139.89,30.405,,['造紙工業(2.75)'],[],"['紡織纖維(-4.82)', '半導體業(-4.74)', '其他電子業(-4.43)', '貿易百貨(-4.23)', '其他(-4.02)', '電機機械(-3.94)', '金融保險(-3.9)', '光電業(-3.83)', '汽車工業(-3.74)', '鋼鐵工業(-3.49)', '塑膠工業(-3.45)', '電腦及週邊設備業(-3.43)', '電子零組件業(-3.42)', '電子通路業(-3.11)', '食品工業(-3.04)', '電器電纜(-2.94)', '橡膠工業(-2.81)', '化學工業(-2.57)', '水泥工業(-2.48)', '玻璃陶瓷(-2.22)', '通信網路業(-2.22)', '化學生技醫療(-2.14)', '生技醫療業(-1.69)', '資訊服務業(-1.52)']","['電子通路類(-3.76)', '航運業(-3.66)', '生技醫療類(-3.60)', '半導體類(-3.50)', '電子零組件類(-3.46)', '光電業類(-3.30)', '其他電子類(-3.28)', '其他(-2.63)', '文化創意業(-2.60)', '線上遊戲業(-2.50)', '電腦及週邊類(-2.37)', '化學工業(-2.34)', '電機機械(-1.98)', '建材營造(-1.68)', '資訊服務類(-1.38)']",11700.0, 10000   5960(   174),8800.0,  9000   7423(  -155),9600.0,7300.0,5,437,510.1860061528222,801.2689070071779,98.74588741844336,128.84014067155658,35.4,8688
2020-03-20,9234.09,2370,空:-1.90,空:-1.15,-1438,3.0,832.5,5.0,648.5,-219,153.07,30.302,多頭k,"['水泥工業(9.18)', '光電業(8.46)', '半導體業(8.37)', '玻璃陶瓷(7.07)', '電子零組件業(6.65)', '其他電子業(6.58)', '金融保險(6.5)', '資訊服務業(6.27)', '汽車工業(6.05)', '塑膠工業(6.05)', '油電燃氣業(6.01)', '電腦及週邊設備業(6.0)', '電機機械(5.78)', '鋼鐵工業(5.53)', '電器電纜(5.46)', '觀光事業(5.42)', '造紙工業(5.35)', '建材營造(5.03)', '其他(4.78)', '生技醫療業(4.53)', '電子通路業(4.48)', '化學生技醫療(4.32)', '化學工業(4.16)', '航運業(3.82)', '紡織纖維(3.66)', '食品工業(3.58)', '橡膠工業(3.34)', '通信網路業(1.28)']","['通信網路業(7.48)', '半導體類(7.30)', '電子工業(6.94)', '電子通路類(6.82)', '化學工業(6.80)', '電子零組件類(6.69)', '其他電子類(6.54)', '生技醫療類(6.28)', '光電業類(6.26)', '線上遊戲業(6.24)', '電腦及週邊類(6.08)', '資訊服務類(5.75)', '電機機械(5.46)', '文化創意業(5.29)', '其他(4.96)', '觀光事業(4.63)', '建材營造(4.35)', '紡織纖維(3.47)', '鋼鐵工業(1.78)', '航運業(1.70)']",[],[],11700.0, 10000   5786(  1273),8800.0,  9000   7578(   444),10000.0,8400.0,5,115,1678.7061156362686,432.507320583732,270.98627014116545,84.07684693883455,2.2,9013
2020-03-19,8681.34,2711,空:-3.56,空:-1.40,-1383,2.5,919.5,6.0,731.5,-212,138.09,30.506,出貨日,[],[],"['光電業(-9.65)', '汽車工業(-9.37)', '生技醫療業(-8.86)', '其他(-8.41)', '橡膠工業(-8.02)', '玻璃陶瓷(-7.94)', '觀光事業(-7.89)', '化學生技醫療(-7.88)', '建材營造(-7.84)', '資訊服務業(-7.67)', '電子通路業(-7.35)', '造紙工業(-7.28)', '電子零組件業(-7.27)', '電機機械(-7.24)', '化學工業(-6.99)', '紡織纖維(-6.83)', '金融保險(-6.81)', '電器電纜(-6.62)', '塑膠工業(-6.33)', '航運業(-6.2)', '其他電子業(-6.13)', '水泥工業(-5.98)', '電腦及週邊設備業(-5.68)', '半導體業(-5.4)', '鋼鐵工業(-5.3)', '通信網路業(-2.2)', '油電燃氣業(-1.67)']","['線上遊戲業(-9.07)', '電子零組件類(-8.81)', '電機機械(-8.73)', '化學工業(-8.45)', '半導體類(-8.22)', '文化創意業(-8.18)', '電子工業(-8.07)', '光電業類(-8.03)', '電腦及週邊類(-8.01)', '紡織纖維(-7.93)', '生技醫療類(-7.85)', '電子通路類(-7.65)', '其他電子類(-7.64)', '資訊服務類(-7.41)', '建材營造(-6.84)', '其他(-6.68)', '觀光事業(-6.67)', '通信網路業(-6.39)', '鋼鐵工業(-4.04)', '航運業(-2.70)']",11700.0, 10000   4513(  1474),8800.0,  9000   7134(  -296),10000.0,7800.0,4,1576,506.67965736402533,1853.3016419359747,84.13542625095705,370.683427069043,60.9,8353
2020-03-18,9218.67,2123,空:-3.31,空:-1.10,-1189,4.5,920.0,8.5,722.0,-287,206.72,30.276,,['電器電纜(2.93)'],['航運業(1.07)'],"['塑膠工業(-6.06)', '觀光事業(-4.91)', '汽車工業(-4.74)', '玻璃陶瓷(-4.1)', '光電業(-3.43)', '水泥工業(-3.29)', '半導體業(-3.07)', '紡織纖維(-3.06)', '造紙工業(-2.91)', '航運業(-2.81)', '食品工業(-2.75)', '生技醫療業(-2.55)', '資訊服務業(-2.29)', '其他(-1.91)', '化學生技醫療(-1.81)', '金融保險(-1.7)', '油電燃氣業(-1.58)', '建材營造(-1.51)', '電機機械(-1.5)', '電腦及週邊設備業(-1.22)', '電子通路業(-1.19)', '鋼鐵工業(-1.14)', '電子零組件業(-1.11)', '化學工業(-1.08)']","['線上遊戲業(-4.82)', '文化創意業(-3.99)', '紡織纖維(-3.02)', '觀光事業(-2.42)', '生技醫療類(-2.40)', '電子零組件類(-2.05)', '電子通路類(-1.74)', '半導體類(-1.69)', '電機機械(-1.61)', '電子工業(-1.54)', '電腦及週邊類(-1.46)', '通信網路業(-1.26)', '資訊服務類(-1.20)', '化學工業(-1.02)']",11700.0, 11000   3867(-11179),8800.0,  9000   7430( -6471),9000.0,8000.0,7,1216,446.3348034283956,1447.2727265716046,98.72096023217865,263.3178150578213,53.4,9263
2020-03-17,9439.63,2379,空:-3.00,空:-1.04,-976,7.5,908.0,9.5,706.0,-230,107.34,30.25,出貨日,['貿易百貨(2.17)'],[],"['汽車工業(-6.65)', '玻璃陶瓷(-6.46)', '觀光事業(-6.08)', '航運業(-4.73)', '生技醫療業(-4.57)', '塑膠工業(-4.4)', '橡膠工業(-4.2)', '電子零組件業(-4.17)', '金融保險(-3.9)', '化學生技醫療(-3.77)', '其他(-3.75)', '建材營造(-3.51)', '水泥工業(-3.39)', '電機機械(-3.12)', '半導體業(-3.09)', '化學工業(-3.01)', '鋼鐵工業(-2.9)', '資訊服務業(-2.76)', '食品工業(-2.52)', '造紙工業(-2.46)', '紡織纖維(-2.38)', '光電業(-2.13)', '電器電纜(-2.09)', '電子通路業(-2.09)', '電腦及週邊設備業(-1.68)', '其他電子業(-1.18)']","['電子通路類(-6.72)', '紡織纖維(-6.49)', '光電業類(-5.40)', '其他電子類(-5.26)', '化學工業(-5.22)', '生技醫療類(-5.18)', '電子零組件類(-5.07)', '電機機械(-4.90)', '資訊服務類(-4.58)', '電子工業(-4.50)', '通信網路業(-4.43)', '半導體類(-4.15)', '電腦及週邊類(-4.05)', '其他(-3.84)', '觀光事業(-2.80)', '建材營造(-2.57)', '文化創意業(-2.03)', '鋼鐵工業(-1.75)', '航運業(-1.27)', '線上遊戲業(-1.01)']",12000.0, 11400  15574(   -98),9400.0,  8200  21080(  4827),9800.0,8900.0,6,1468,857.6902243898752,1263.4516632701248,165.27710421644719,239.66956806355282,29.7,9363
2020-03-16,9717.77,2111,空:-2.36,空:-0.93,-779,11.0,888.5,17.0,683.5,-333,104.65,30.22,,[],[],"['汽車工業(-6.74)', '光電業(-6.2)', '電子零組件業(-4.92)', '半導體業(-4.76)', '觀光事業(-4.66)', '電腦及週邊設備業(-4.44)', '其他電子業(-4.39)', '玻璃陶瓷(-4.26)', '金融保險(-4.23)', '油電燃氣業(-3.7)', '塑膠工業(-3.67)', '航運業(-3.66)', '其他(-3.64)', '水泥工業(-3.2)', '電機機械(-2.94)', '紡織纖維(-2.84)', '生技醫療業(-2.73)', '食品工業(-2.67)', '造紙工業(-2.51)', '化學生技醫療(-2.3)', '資訊服務業(-2.3)', '電器電纜(-2.07)', '通信網路業(-1.9)', '建材營造(-1.89)', '化學工業(-1.88)', '電子通路業(-1.64)', '橡膠工業(-1.33)', '鋼鐵工業(-1.23)']","['線上遊戲業(-6.50)', '半導體類(-6.16)', '文化創意業(-6.02)', '其他電子類(-5.60)', '紡織纖維(-5.41)', '電子工業(-5.12)', '資訊服務類(-4.62)', '電子零組件類(-3.93)', '光電業類(-3.93)', '電腦及週邊類(-3.79)', '通信網路業(-3.22)', '生技醫療類(-3.07)', '電機機械(-3.00)', '觀光事業(-2.76)', '化學工業(-2.35)', '其他(-2.31)']",10500.0, 11000  16684(   280),9400.0,  8200  16253(  1280),10000.0,9200.0,8,1390,403.41583143861845,1474.6118447713816,104.0497589681802,278.8469355018198,66.5,9668
2020-03-13,10128.87,3036,空:-2.18,空:-0.73,-632,18.5,874.5,26.0,667.0,-302,109.93,30.21,出貨日,[],[],"['生技醫療業(-6.82)', '玻璃陶瓷(-6.72)', '化學生技醫療(-6.47)', '化學工業(-6.1)', '紡織纖維(-6.06)', '其他(-5.84)', '電器電纜(-5.82)', '油電燃氣業(-5.22)', '電子零組件業(-5.08)', '航運業(-4.89)', '造紙工業(-4.88)', '鋼鐵工業(-4.8)', '觀光事業(-4.69)', '電機機械(-4.65)', '貿易百貨(-4.51)', '汽車工業(-4.29)', '建材營造(-4.13)', '橡膠工業(-4.11)', '塑膠工業(-3.93)', '食品工業(-3.76)', '資訊服務業(-2.97)', '電子通路業(-2.76)', '金融保險(-2.52)', '光電業(-1.84)', '通信網路業(-1.7)', '半導體業(-1.68)', '其他電子業(-1.45)', '水泥工業(-1.42)', '電腦及週邊設備業(-1.39)']","['生技醫療類(-7.34)', '化學工業(-6.60)', '電子通路類(-6.38)', '光電業類(-6.15)', '電子零組件類(-6.01)', '觀光事業(-5.55)', '紡織纖維(-5.55)', '其他(-5.39)', '電機機械(-5.34)', '資訊服務類(-5.10)', '其他電子類(-4.87)', '航運業(-4.74)', '通信網路業(-4.39)', '建材營造(-4.27)', '電腦及週邊類(-3.93)', '電子工業(-3.88)', '半導體類(-2.62)', '鋼鐵工業(-2.03)']",11000.0, 12000  16313(  -187),9400.0,  8200  14973(  2779),10400.0,8600.0,6,1525,1248.8157612114062,1428.1087040985938,258.51974018798404,242.078202872016,40.6,10021
2020-03-12,10422.32,2711,空:-1.96,空:-0.59,-476,36.0,817.5,45.0,610.5,-368,120.4,30.15,出貨日,[],[],"['光電業(-8.77)', '電子零組件業(-7.6)', '汽車工業(-6.56)', '紡織纖維(-6.33)', '生技醫療業(-6.06)', '電機機械(-5.77)', '電器電纜(-5.69)', '玻璃陶瓷(-5.56)', '其他電子業(-5.41)', '其他(-5.38)', '造紙工業(-5.28)', '化學生技醫療(-5.27)', '資訊服務業(-4.7)', '化學工業(-4.5)', '電腦及週邊設備業(-4.46)', '塑膠工業(-4.35)', '油電燃氣業(-4.31)', '航運業(-3.86)', '金融保險(-3.79)', '建材營造(-3.78)', '鋼鐵工業(-3.75)', '觀光事業(-3.62)', '半導體業(-3.58)', '食品工業(-3.42)', '電子通路業(-3.09)', '橡膠工業(-2.81)', '水泥工業(-2.77)', '貿易百貨(-2.47)', '通信網路業(-2.05)']","['線上遊戲業(-8.53)', '文化創意業(-7.81)', '通信網路業(-7.42)', '光電業類(-7.24)', '電子零組件類(-7.09)', '生技醫療類(-6.75)', '其他電子類(-6.65)', '電子工業(-6.21)', '電子通路類(-6.19)', '半導體類(-5.74)', '化學工業(-5.62)', '電腦及週邊類(-5.56)', '資訊服務類(-5.04)', '觀光事業(-4.55)', '電機機械(-4.54)', '紡織纖維(-4.45)', '其他(-4.11)', '建材營造(-3.84)', '航運業(-2.81)', '鋼鐵工業(-2.66)']",11000.0, 11400  16713(  -583),9400.0, 10000  13116(   345),11000.0,9200.0,8,1451,410.69461213807176,2047.6620781919285,74.05467871359723,436.6673942464028,73.9,10367
2020-03-11,10893.75,1776,空:-0.89,空:-0.33,-326,68.5,698.5,85.5,485.0,-211,149.15,30.095,,[],[],"['光電業(-2.07)', '資訊服務業(-2.0)', '電機機械(-1.95)', '半導體業(-1.74)', '汽車工業(-1.69)', '玻璃陶瓷(-1.66)', '電器電纜(-1.61)', '電子零組件業(-1.31)', '其他電子業(-1.05)', '油電燃氣業(-1.02)']","['線上遊戲業(-3.15)', '半導體類(-2.60)', '文化創意業(-2.60)', '通信網路業(-2.20)', '電子工業(-2.02)', '電子零組件類(-1.53)', '其他電子類(-1.31)', '電腦及週邊類(-1.06)', '光電業類(-1.03)']",11500.0, 11400  17296(  2380),9400.0, 10000  12771(  2824),11000.0,10000.0,38,786,479.5184798091497,1099.9218610708501,87.88492767266004,266.67714076733995,49.2,10821
2020-03-10,11003.54,2077,空:-0.57,空:-0.25,-264,87.5,656.5,89.0,470.5,-86,124.33,30.035999999999998,,"['電機機械(1.7)', '造紙工業(1.14)', '電子零組件業(1.04)']",['通信網路業(1.70)'],"['生技醫療業(-2.25)', '化學生技醫療(-1.79)', '油電燃氣業(-1.47)', '水泥工業(-1.38)', '化學工業(-1.35)']","['生技醫療類(-2.18)', '化學工業(-1.68)', '電子通路類(-1.33)', '紡織纖維(-1.18)']",12000.0, 11500  16093(  1145),9400.0, 10500  11592(  2444),11200.0,10500.0,45,765,1248.592489783278,584.0132091667223,272.2736701728099,136.67108258719009,-12.4,10984
2020-03-09,10977.64,2326,空:-0.34,空:-0.27,-228,106.0,578.0,115.0,396.0,-545,121.63,30.13,出貨日,[],[],"['汽車工業(-4.7)', '油電燃氣業(-4.55)', '電子零組件業(-4.49)', '電機機械(-4.42)', '光電業(-4.03)', '造紙工業(-3.89)', '其他(-3.44)', '半導體業(-3.25)', '塑膠工業(-3.0)', '電器電纜(-2.86)', '資訊服務業(-2.81)', '金融保險(-2.75)', '紡織纖維(-2.73)', '觀光事業(-2.7)', '玻璃陶瓷(-2.65)', '其他電子業(-2.51)', '電腦及週邊設備業(-2.49)', '建材營造(-2.43)', '橡膠工業(-2.41)', '化學工業(-2.35)', '航運業(-2.31)', '電子通路業(-2.24)', '水泥工業(-1.94)', '化學生技醫療(-1.94)', '食品工業(-1.92)', '鋼鐵工業(-1.91)', '通信網路業(-1.88)', '貿易百貨(-1.65)', '生技醫療業(-1.53)']","['半導體類(-5.21)', '電子零組件類(-4.55)', '電子工業(-4.51)', '其他電子類(-4.16)', '文化創意業(-4.11)', '線上遊戲業(-3.93)', '光電業類(-3.93)', '觀光事業(-3.55)', '電腦及週邊類(-3.19)', '通信網路業(-2.99)', '資訊服務類(-2.49)', '電機機械(-2.32)', '化學工業(-2.20)', '生技醫療類(-2.05)', '鋼鐵工業(-2.05)', '其他(-1.80)', '電子通路類(-1.72)', '建材營造(-1.60)', '紡織纖維(-1.50)']",11700.0, 12000  17391(  -946),9400.0, 11200  12140( -1755),11400.0,9800.0,58,989,402.96036450677724,1607.8018034532224,94.40243798912924,322.50885459087084,90.5,10950
2020-03-06,11321.81,1514,多 :0.05,空:-0.18,-221,140.0,443.5,128.5,344.0,-288,149.07,30.04,出貨日,"['生技醫療業(2.71)', '化學生技醫療(1.13)']",['電子通路類(1.29)'],"['汽車工業(-3.12)', '其他電子業(-2.19)', '半導體業(-2.16)', '塑膠工業(-1.91)', '其他(-1.68)', '航運業(-1.61)', '電機機械(-1.58)', '金融保險(-1.57)', '貿易百貨(-1.56)', '造紙工業(-1.55)', '油電燃氣業(-1.5)', '紡織纖維(-1.48)', '電子零組件業(-1.41)', '鋼鐵工業(-1.34)', '電腦及週邊設備業(-1.33)', '通信網路業(-1.3)', '建材營造(-1.2)', '光電業(-1.14)']","['通信網路業(-1.87)', '線上遊戲業(-1.87)', '文化創意業(-1.65)']",11700.0, 12000  18337(   -65),9400.0, 11200  13895(   242),11700.0,11300.0,139,285,492.96244423723687,875.061251872763,141.0551439326022,191.00191349739785,2.1,11269
2020-03-05,11514.82,1459,多 :0.14,空:-0.03,-249,104.0,533.0,96.0,417.0,9,175.04,29.96,,"['其他(1.56)', '電子通路業(1.53)', '電子零組件業(1.49)', '光電業(1.39)', '建材營造(1.39)', '生技醫療業(1.37)', '其他電子業(1.34)', '通信網路業(1.3)', '電機機械(1.19)', '貿易百貨(1.17)', '紡織纖維(1.16)', '半導體業(1.12)', '資訊服務業(1.04)', '化學生技醫療(1.02)']","['線上遊戲業(5.21)', '文化創意業(3.63)', '半導體類(2.81)', '電子工業(2.23)', '通信網路業(2.17)', '資訊服務類(1.87)', '電腦及週邊類(1.81)', '電子零組件類(1.80)', '光電業類(1.17)', '電子通路類(1.11)', '紡織纖維(1.01)']",[],[],12000.0, 11700  17128(   369),9400.0, 11200  13653(   658),11800.0,11000.0,137,108,871.0255762303094,457.0380885696908,309.44021353808256,131.92753577191743,-6.0,11492
2020-03-04,11392.35,1407,空:-0.26,空:-0.07,-268,102.5,596.0,82.5,439.0,62,173.5,30.038,,"['油電燃氣業(1.85)', '汽車工業(1.27)', '塑膠工業(1.19)', '食品工業(1.11)', '通信網路業(1.09)']",[],['造紙工業(-1.31)'],"['線上遊戲業(-1.71)', '紡織纖維(-1.46)', '文化創意業(-1.15)']",12000.0, 11700  16759(   311),9400.0, 11200  12995(  1205),11400.0,10800.0,94,316,676.0698489375233,624.3966687024766,160.81030491504163,203.9510928249584,-20.1,11364
2020-03-03,11327.72,1650,空:-0.36,空:-0.01,-246,95.5,597.0,88.0,430.0,-135,135.71,30.087,,"['光電業(3.21)', '半導體業(2.13)', '其他電子業(1.99)', '資訊服務業(1.58)', '油電燃氣業(1.58)', '造紙工業(1.56)', '汽車工業(1.52)', '其他(1.52)', '生技醫療業(1.34)', '電子零組件業(1.22)', '電器電纜(1.19)', '食品工業(1.07)', '電腦及週邊設備業(1.01)']","['電子零組件類(2.40)', '電腦及週邊類(2.29)', '觀光事業(1.90)', '資訊服務類(1.76)', '電子工業(1.76)', '半導體類(1.70)', '電子通路類(1.67)', '紡織纖維(1.61)', '其他電子類(1.54)', '通信網路業(1.27)', '電機機械(1.26)', '建材營造(1.01)']",[],[],12000.0, 11700  16448(  2177),9400.0, 11200  11790(  1481),11700.0,11200.0,94,163,853.030816313096,658.729052126904,202.48746969849964,163.43443750150038,21.7,11324
2020-03-02,11170.46,2032,空:-0.90,空:-0.14,-206,101.0,561.5,99.0,395.0,-196,128.56,30.124000000000002,,[],[],"['汽車工業(-2.77)', '電腦及週邊設備業(-1.78)', '食品工業(-1.73)', '航運業(-1.6)', '造紙工業(-1.52)', '金融保險(-1.34)', '其他電子業(-1.29)', '油電燃氣業(-1.24)', '半導體業(-1.21)', '光電業(-1.21)', '其他(-1.14)', '玻璃陶瓷(-1.09)', '紡織纖維(-1.07)', '電子通路業(-1.03)']","['紡織纖維(-2.17)', '觀光事業(-1.98)', '線上遊戲業(-1.79)', '文化創意業(-1.73)', '建材營造(-1.55)', '光電業類(-1.53)', '航運業(-1.24)', '其他(-1.08)']",12000.0, 11700  14271(  2341),9400.0, 11200  10309(   415),11200.0,10800.0,75,730,946.229681916836,887.690896823164,232.51387181014977,129.87591878985023,13.0,11174
2020-02-27,11292.17,2034,空:-0.75,空:-0.06,-119,116.5,484.5,133.0,336.0,-232,143.1,30.33,出貨日,[],[],"['光電業(-3.64)', '電子零組件業(-3.51)', '其他電子業(-1.86)', '電機機械(-1.73)', '電器電纜(-1.53)', '生技醫療業(-1.52)', '資訊服務業(-1.45)', '半導體業(-1.37)', '電腦及週邊設備業(-1.36)', '紡織纖維(-1.29)', '其他(-1.27)', '汽車工業(-1.19)', '觀光事業(-1.18)', '建材營造(-1.11)', '油電燃氣業(-1.01)']","['電腦及週邊類(-3.20)', '電子零組件類(-2.98)', '半導體類(-2.97)', '通信網路業(-2.96)', '線上遊戲業(-2.90)', '電子工業(-2.80)', '其他電子類(-2.53)', '文化創意業(-2.46)', '生技醫療類(-2.23)', '觀光事業(-2.07)', '建材營造(-1.73)', '資訊服務類(-1.70)', '電機機械(-1.57)', '光電業類(-1.37)', '紡織纖維(-1.23)']",12000.0, 12100  14150(   420),9400.0, 10900   9923(  2455),12000.0,10900.0,53,591,457.2786691671752,1411.729996002825,96.95383991993786,325.43087251006216,61.4,11273
2020-02-26,11433.62,1770,空:-0.56,空:-0.29,-39,243.5,277.0,227.5,199.0,-332,172.19,30.38300000000001,出貨日,"['造紙工業(4.96)', '資訊服務業(1.3)']",['線上遊戲業(1.38)'],"['電子零組件業(-2.2)', '光電業(-1.79)', '汽車工業(-1.51)', '塑膠工業(-1.41)', '其他電子業(-1.29)', '半導體業(-1.12)', '水泥工業(-1.02)', '其他(-1.01)']","['半導體類(-2.07)', '電子工業(-1.24)']",12000.0, 12100  13730(   316),9400.0, 11200  10265( -1498),11600.0,10200.0,78,310,619.0997405791054,1004.3243657808944,168.40727906985433,219.4828202501457,64.5,11421
2020-02-25,11540.23,1554,空:-0.19,空:-0.24,-8,286.0,229.5,257.5,179.5,-116,140.33,30.402,,[],[],['水泥工業(-1.43)'],['化學工業(-1.27)'],12000.0, 12100  13414(   109),9400.0, 11200  11763( -1480),11700.0,11100.0,62,300,811.9289714676204,602.2758406323796,225.3678052943199,131.79287622568006,9.6,11542
2020-02-24,11534.87,1402,空:-0.39,空:-0.23,-14,254.5,205.0,243.5,179.5,-263,137.89,30.471999999999998,出貨日,['造紙工業(2.47)'],"['線上遊戲業(3.81)', '文化創意業(2.53)']","['貿易百貨(-2.2)', '汽車工業(-2.11)', '光電業(-1.61)', '電機機械(-1.61)', '航運業(-1.59)', '半導體業(-1.58)', '其他(-1.42)', '建材營造(-1.37)', '塑膠工業(-1.37)', '電腦及週邊設備業(-1.34)', '通信網路業(-1.24)', '觀光事業(-1.23)', '金融保險(-1.2)', '紡織纖維(-1.19)', '電器電纜(-1.16)', '其他電子業(-1.15)', '玻璃陶瓷(-1.1)', '油電燃氣業(-1.08)']","['電腦及週邊類(-1.50)', '光電業類(-1.44)', '通信網路業(-1.31)', '半導體類(-1.30)', '電子工業(-1.19)', '觀光事業(-1.19)', '航運業(-1.14)']",12000.0, 12100  13305(   479),9400.0, 11200  13243(   563),11700.0,9800.0,93,235,544.9730634930568,727.8055588669432,189.24494668602642,160.1961457739735,48.1,11508
2020-02-21,11686.35,1249,空:-0.22,空:-0.17,4,247.5,198.0,209.0,165.5,0,159.91,30.403,,['造紙工業(1.44)'],[],[],[],12000.0, 12100  12826(   795),9400.0, 11200  12680(  1842),11900.0,11200.0,100,111,540.5250176751277,612.0558236448722,177.27834771179494,186.1753260382051,0.5,11664
2020-02-20,11725.09,1353,空:-0.11,空:-0.19,10,220.5,168.5,197.5,156.5,-82,163.11,30.254,,[],[],"['塑膠工業(-1.2)', '水泥工業(-1.17)', '汽車工業(-1.11)']",[],12000.0, 12100  12031(   305),9400.0, 11200  10838(  1203),12000.0,11500.0,109,71,552.3816577716722,697.9164469883276,231.0609277642334,168.84188321576661,10.6,11715
2020-02-19,11758.84,1417,空:-0.03,空:-0.15,0,185.5,204.5,159.5,185.0,38,184.1,30.152,多頭k,"['汽車工業(2.34)', '造紙工業(1.99)', '光電業(1.68)', '生技醫療業(1.64)', '航運業(1.27)', '玻璃陶瓷(1.23)', '半導體業(1.18)', '塑膠工業(1.13)', '化學生技醫療(1.04)']","['線上遊戲業(3.04)', '文化創意業(2.18)', '半導體類(1.71)', '生技醫療類(1.57)', '電子工業(1.18)']",[],[],12100.0, 12000  10816( -9719),9400.0, 11200   9635(-11964),14400.0,9400.0,118,64,825.1787190792061,498.499869280794,242.09152602889688,111.66522232110316,-25.8,11760
2020-02-18,11648.98,1413,空:-0.03,空:-0.16,-14,160.0,209.5,144.0,182.5,-212,124.7,30.125,出貨日,[],[],"['半導體業(-2.56)', '光電業(-2.03)', '汽車工業(-1.9)']","['線上遊戲業(-1.91)', '半導體類(-1.62)', '文化創意業(-1.28)', '電腦及週邊類(-1.08)']",11800.0, 11900  27702( -5547),11500.0, 11600  29584(  1907),11650.0,11550.0,80,154,459.5231232906272,867.8760954593729,132.0320889716559,224.94305023834409,44.4,11640
2020-02-17,11763.51,1160,多 :0.32,空:-0.09,-29,149.5,211.0,137.0,179.0,-42,144.58,30.056,出貨日,['貿易百貨(1.18)'],"['線上遊戲業(3.43)', '文化創意業(2.11)']",['橡膠工業(-1.09)'],[],11900.0, 11800  27649(  6779),11500.0, 11600  27677(  1492),11850.0,11500.0,121,149,486.3799393121257,589.7608057778742,229.5834262433863,223.0903495766137,-1.4,11770
2020-02-14,11815.7,1130,多 :0.35,空:-0.00,-78,118.5,231.0,113.5,208.5,16,156.08,30.051,,"['資訊服務業(1.73)', '電子零組件業(1.38)']","['線上遊戲業(2.20)', '通信網路業(1.83)', '半導體類(1.71)', '文化創意業(1.63)', '電子工業(1.41)', '資訊服務類(1.14)', '其他(1.11)', '電子零組件類(1.05)']",[],[],12000.0, 11900  24195(  2300),11500.0, 11600  26185(  2194),11950.0,11750.0,118,89,639.4819757623709,412.5356349576291,280.5921572221848,144.18288661781514,-6.9,11812
2020-02-13,11791.78,1410,多 :0.07,空:-0.04,-118,91.0,349.0,90.0,271.5,19,161.83,30.037,,['汽車工業(2.94)'],['航運業(1.90)'],[],[],12000.0, 11900  21895(  2619),11500.0, 11300  25471(  4562),12050.0,11700.0,81,96,515.9485864906526,784.3496984393474,170.95440670749957,233.07662765250046,-0.0,11774
2020-02-12,11774.19,1504,多 :0.34,空:-0.08,-131,101.0,269.5,89.5,224.0,62,154.87,30.031999999999996,多頭k,"['其他電子業(2.85)', '電子零組件業(2.27)', '光電業(1.85)', '觀光事業(1.8)', '油電燃氣業(1.32)', '半導體業(1.26)', '汽車工業(1.02)']","['航運業(2.14)', '光電業類(2.03)', '半導體類(1.92)', '電子零組件類(1.85)', '電子工業(1.73)', '電腦及週邊類(1.58)', '紡織纖維(1.43)', '化學工業(1.23)', '其他電子類(1.22)', '生技醫療類(1.14)']",[],['線上遊戲業(-1.37)'],11900.0, 12000  18339(  1785),11500.0, 11200  21134(  2516),11950.0,11500.0,85,83,971.0212507962576,445.27765087374223,290.4087317379155,137.30555680208454,0.5,11771
2020-02-11,11664.04,1231,多 :0.19,空:-0.19,-180,96.5,403.5,83.5,303.0,-6,133.18,30.068,,"['電子零組件業(2.02)', '電機機械(1.8)', '玻璃陶瓷(1.49)', '半導體業(1.4)', '其他電子業(1.17)']","['通信網路業(2.38)', '半導體類(2.16)', '觀光事業(1.93)', '電子工業(1.89)', '電子零組件類(1.88)', '電腦及週邊類(1.42)', '資訊服務類(1.42)', '其他電子類(1.28)', '電子通路類(1.04)', '文化創意業(1.02)']",[],[],11800.0, 11900  17151(  1311),11200.0, 11500  18510(  1302),11900.0,11500.0,70,153,782.80569594278,345.63386555722,243.62930997626069,90.2225501437393,-8.2,11666
2020-02-10,11574.07,1320,多 :0.38,空:-0.22,-224,94.0,400.0,86.5,322.0,-45,129.73,30.101999999999997,出貨日,[],"['線上遊戲業(2.20)', '文化創意業(1.16)', '化學工業(1.11)']","['造紙工業(-1.94)', '汽車工業(-1.82)', '電機機械(-1.38)', '電器電纜(-1.24)', '其他電子業(-1.2)', '橡膠工業(-1.04)', '航運業(-1.02)']","['觀光事業(-2.41)', '電腦及週邊類(-1.46)', '生技醫療類(-1.11)']",11800.0, 12000  16372(  -141),11200.0, 11300  18504(  2305),11700.0,11200.0,53,446,638.0348117506759,578.425346159324,146.39706311095492,133.96062055904508,-13.4,11564
2020-02-07,11612.81,1298,多 :0.20,空:-0.16,-294,77.5,512.0,77.0,396.5,-87,132.35,30.126,,['造紙工業(3.25)'],[],"['光電業(-2.1)', '電子零組件業(-1.78)', '觀光事業(-1.75)', '電機機械(-1.69)', '紡織纖維(-1.67)', '其他(-1.49)', '電器電纜(-1.48)', '半導體業(-1.47)', '油電燃氣業(-1.39)', '汽車工業(-1.38)', '航運業(-1.36)', '玻璃陶瓷(-1.32)', '橡膠工業(-1.27)', '電子通路業(-1.22)', '其他電子業(-1.19)', '建材營造(-1.14)']","['電子零組件類(-2.10)', '通信網路業(-1.71)', '觀光事業(-1.63)', '其他電子類(-1.53)', '電子工業(-1.51)', '半導體類(-1.44)', '光電業類(-1.39)', '電機機械(-1.25)', '電腦及週邊類(-1.15)', '資訊服務類(-1.10)']",12000.0, 11900  15549(  1999),11400.0, 11500  18114(  1142),11900.0,11600.0,46,269,366.977645180452,838.6986594995482,134.76585480641776,232.95410566358225,21.3,11592
2020-02-06,11749.68,1446,多 :0.57,空:-0.13,-337,90.5,439.5,86.0,348.5,52,143.37,30.081999999999997,,"['油電燃氣業(3.79)', '電機機械(3.21)', '汽車工業(3.0)', '塑膠工業(2.01)', '電子零組件業(1.87)', '航運業(1.81)', '玻璃陶瓷(1.8)', '電腦及週邊設備業(1.77)', '造紙工業(1.74)', '半導體業(1.73)', '其他電子業(1.57)', '水泥工業(1.57)', '資訊服務業(1.51)', '電子通路業(1.22)', '建材營造(1.2)', '觀光事業(1.15)', '金融保險(1.13)', '光電業(1.04)']","['電子零組件類(2.57)', '通信網路業(2.52)', '其他電子類(2.29)', '電子工業(1.93)', '半導體類(1.82)', '電子通路類(1.71)', '電腦及週邊類(1.67)', '線上遊戲業(1.66)', '文化創意業(1.61)', '紡織纖維(1.58)', '光電業類(1.18)', '觀光事業(1.17)']",[],[],12000.0, 11800  13756(  -686),11400.0, 11500  16972(  2148),12300.0,11300.0,68,80,960.2231927133853,356.132329546615,236.83572227268917,119.45682563731087,-16.7,11741
2020-02-05,11573.62,1581,空:-0.94,空:-0.22,-418,56.0,758.5,64.0,588.0,-5,128.4,30.152,,['生技醫療業(2.23)'],[],"['塑膠工業(-1.17)', '觀光事業(-1.05)']","['線上遊戲業(-1.48)', '文化創意業(-1.34)']",12000.0, 11800  14442(  2331),11400.0, 11500  14824(  1669),11800.0,11400.0,53,210,594.5921799432822,855.0020352367177,199.9739439406308,185.92893091936926,1.1,11542
2020-02-04,11555.92,1617,空:-0.91,空:-0.19,-335,72.0,732.5,72.0,569.5,-40,118.12,30.206999999999997,,"['電子零組件業(3.47)', '半導體業(2.89)', '觀光事業(2.23)', '光電業(2.16)', '汽車工業(2.12)', '電機機械(1.74)', '電腦及週邊設備業(1.58)', '水泥工業(1.57)', '生技醫療業(1.41)', '資訊服務業(1.3)', '其他(1.22)', '金融保險(1.21)', '航運業(1.2)', '玻璃陶瓷(1.17)', '造紙工業(1.09)', '化學生技醫療(1.07)']","['線上遊戲業(3.57)', '通信網路業(3.34)', '紡織纖維(3.12)', '電子零組件類(2.98)', '文化創意業(2.87)', '半導體類(2.55)', '電子工業(2.54)', '其他電子類(2.33)', '資訊服務類(2.28)', '光電業類(2.08)', '電腦及週邊類(1.91)', '化學工業(1.83)', '電子通路類(1.71)', '觀光事業(1.58)', '電機機械(1.32)', '生技醫療類(1.21)', '建材營造(1.18)']",[],[],12000.0, 11900  12759(  -360),11400.0, 11500  13155(  1839),12000.0,11100.0,64,141,1017.7461439276833,459.0014137423168,220.9388192674084,99.35739878259164,13.1,11534
2020-02-03,11354.92,1844,空:-1.20,空:-0.27,-250,86.5,703.5,77.5,551.5,12,97.38,30.332,出貨日,[],[],"['觀光事業(-3.24)', '生技醫療業(-3.23)', '玻璃陶瓷(-3.23)', '油電燃氣業(-2.51)', '建材營造(-2.38)', '資訊服務業(-2.36)', '化學生技醫療(-2.34)', '造紙工業(-2.26)', '汽車工業(-2.04)', '航運業(-2.01)', '電器電纜(-1.89)', '其他電子業(-1.57)', '化學工業(-1.5)', '半導體業(-1.47)', '電子零組件業(-1.42)', '電子通路業(-1.3)', '其他(-1.29)', '塑膠工業(-1.22)', '橡膠工業(-1.15)', '電機機械(-1.11)']","['線上遊戲業(-6.52)', '文化創意業(-6.06)', '通信網路業(-3.79)', '電子零組件類(-3.55)', '光電業類(-3.45)', '資訊服務類(-3.01)', '觀光事業(-2.97)', '電腦及週邊類(-2.87)', '化學工業(-2.69)', '建材營造(-2.39)', '紡織纖維(-2.18)', '電子工業(-2.14)', '其他電子類(-2.07)', '電機機械(-1.69)', '其他(-1.51)', '航運業(-1.27)', '半導體類(-1.16)', '電子通路類(-1.08)']",11900.0, 12000  12555(  -240),11400.0, 11500  11316( -1158),11600.0,10700.0,63,1051,848.9147248844531,818.9341711355469,186.42247971881724,202.59446840118275,1.9,11325
2020-01-31,11495.1,1766,空:-1.00,空:-0.20,-140,117.5,632.0,105.5,495.0,-171,109.66,30.25,多頭k,"['光電業(1.61)', '塑膠工業(1.25)', '電器電纜(1.23)', '電腦及週邊設備業(1.06)', '紡織纖維(1.01)']","['化學工業(2.33)', '紡織纖維(1.87)', '電機機械(1.23)', '電腦及週邊類(1.11)', '半導體類(1.09)']","['生技醫療業(-2.1)', '觀光事業(-2.05)']","['觀光事業(-1.50)', '通信網路業(-1.18)']",12600.0, 12000  12795(  2189),11400.0, 11500  12474(   311),11900.0,10900.0,62,521,884.6632874093083,764.6574056806917,192.44641964800803,170.234014781992,-0.7,11468
2020-01-30,11421.74,2776,空:-1.25,空:-0.25,-45,154.5,518.5,117.0,431.5,-181,106.12,30.276999999999997,出貨日,[],[],"['其他電子業(-8.62)', '汽車工業(-8.53)', '電子零組件業(-8.27)', '觀光事業(-8.09)', '玻璃陶瓷(-7.75)', '航運業(-7.4)', '光電業(-7.2)', '水泥工業(-7.02)', '油電燃氣業(-6.84)', '其他(-6.39)', '電機機械(-6.33)', '電腦及週邊設備業(-6.16)', '塑膠工業(-5.98)', '建材營造(-5.71)', '半導體業(-5.53)', '橡膠工業(-5.05)', '電子通路業(-4.84)', '資訊服務業(-4.8)', '紡織纖維(-4.72)', '金融保險(-4.56)', '電器電纜(-4.39)', '食品工業(-4.38)', '鋼鐵工業(-4.23)', '造紙工業(-4.0)', '貿易百貨(-3.93)', '化學工業(-3.51)', '化學生技醫療(-3.24)', '生技醫療業(-2.97)', '通信網路業(-2.7)']","['通信網路業(-8.69)', '電子零組件類(-8.53)', '光電業類(-7.99)', '電子工業(-7.61)', '半導體類(-7.39)', '資訊服務類(-7.13)', '其他電子類(-7.05)', '電腦及週邊類(-6.93)', '觀光事業(-6.11)', '紡織纖維(-5.72)', '電機機械(-5.59)', '電子通路類(-4.80)', '建材營造(-4.77)', '其他(-4.45)', '航運業(-4.38)', '生技醫療類(-4.19)', '鋼鐵工業(-2.81)', '文化創意業(-2.69)', '化學工業(-2.45)']",12600.0, 12300  12608( -1617),11400.0, 11500  12163(   -99),11900.0,11300.0,71,1231,348.6517685474373,2236.2249386825624,110.57031095583156,345.0923911641684,44.9,11370
2020-01-20,12118.71,1161,多 :0.01,多 :0.07,76,329.0,173.5,211.5,185.0,54,151.09,29.96,,"['電機機械(1.66)', '汽車工業(1.03)']","['觀光事業(1.58)', '線上遊戲業(1.41)', '紡織纖維(1.38)', '文化創意業(1.13)']",[],[],12300.0, 12600  14051(   943),11800.0, 11700  15063(  3048),12400.0,11700.0,284,148,605.5072773769963,505.590204473004,163.11852215462812,132.63294872537188,-1.4,12111
2020-01-17,12090.29,1341,多 :0.11,多 :0.03,83,330.0,170.5,217.5,185.5,-20,149.04,29.96,,"['資訊服務業(1.93)', '其他電子業(1.63)', '汽車工業(1.39)']","['電腦及週邊類(1.17)', '資訊服務類(1.02)']",[],['線上遊戲業(-1.24)'],12300.0, 12600  13108(  1959),11600.0, 11800  13530(  1806),12500.0,12000.0,244,136,592.4564715191633,686.5075367208367,149.54473363374368,178.8739029762563,8.9,12072
2020-01-16,12066.93,1412,多 :0.16,空:-0.02,73,326.5,197.0,196.5,207.0,-46,152.05,29.955,,['資訊服務業(1.12)'],"['觀光事業(1.47)', '資訊服務類(1.08)']",['半導體業(-1.11)'],['通信網路業(-1.00)'],12300.0, 12600  11149(  2090),11600.0, 11500  12214(  4018),12600.0,11500.0,216,133,804.6152057297525,549.2469784302474,201.3924367811277,133.75043229887225,8.9,12056
2020-01-15,12091.88,1525,多 :0.46,空:-0.00,51,287.0,237.0,190.0,222.5,-88,157.52,29.95,,[],['電腦及週邊類(1.09)'],"['光電業(-2.19)', '半導體業(-1.39)', '電子零組件業(-1.05)']",[],12300.0, 12600   9059( -2805),11600.0, 11800  11553( -9317),10000.0,10200.0,179,140,547.7310157783667,895.5785622816333,189.47255270930538,189.8077116206946,-1.0,12063
2020-01-14,12179.81,1541,多 :0.50,多 :0.10,-3,232.5,322.5,153.0,277.0,41,151.26,29.942,,"['電子零組件業(1.65)', '光電業(1.42)', '半導體業(1.0)']","['半導體類(1.96)', '其他電子類(1.60)', '電子工業(1.34)', '線上遊戲業(1.32)', '通信網路業(1.04)']",[],[],12300.0, 12200  34721(   244),11700.0, 12150  24893( 19365),12250.0,12150.0,241,119,911.5042659379084,539.8342621420917,248.9081430037845,121.77635640621547,0.1,12181
2020-01-13,12113.42,1434,多 :0.27,多 :0.08,-51,181.0,380.5,131.0,327.5,107,140.1,29.951999999999998,,"['汽車工業(1.62)', '水泥工業(1.21)', '其他電子業(1.19)', '資訊服務業(1.17)', '金融保險(1.17)', '橡膠工業(1.14)', '電器電纜(1.03)']","['半導體類(1.80)', '其他電子類(1.51)', '電子工業(1.41)', '電腦及週邊類(1.20)', '電子零組件類(1.02)']",['觀光事業(-2.63)'],['觀光事業(-1.50)'],12200.0, 12300  32584(    84),11900.0, 11700  26010(  -326),12150.0,12050.0,223,122,801.287246530431,565.526898299569,188.6623699059333,117.95127471406671,-9.1,12117
2020-01-10,12024.65,1289,空:-0.14,多 :0.08,-74,149.5,456.5,121.5,376.5,68,121.25,30.019,,"['電機機械(2.49)', '光電業(1.83)', '其他電子業(1.4)', '玻璃陶瓷(1.02)']","['線上遊戲業(2.24)', '文化創意業(1.54)']",[],[],12300.0, 12200  31466(  5743),11700.0, 11800  24380(  5540),12300.0,11900.0,157,205,622.3257929113649,600.6651529586351,148.63311104011748,175.1363006598825,-7.3,12010
2020-01-09,11970.63,1342,空:-0.22,多 :0.11,-47,156.0,442.0,124.5,367.0,54,112.63,30.00800000000001,,"['電機機械(3.14)', '半導體業(2.33)', '觀光事業(1.89)', '電子零組件業(1.8)', '光電業(1.58)', '電腦及週邊設備業(1.41)', '汽車工業(1.19)', '其他電子業(1.1)', '航運業(1.05)']","['線上遊戲業(4.11)', '文化創意業(2.67)', '通信網路業(2.55)', '半導體類(1.89)', '電腦及週邊類(1.65)', '電子工業(1.56)', '資訊服務類(1.00)']",['油電燃氣業(-1.6)'],[],12100.0, 12200  25723(  6578),11700.0, 11800  18840(  6748),12150.0,11800.0,118,198,847.7529554907062,397.2419705192938,227.79940800811963,117.37677786188038,-5.8,11968
2020-01-08,11817.1,1506,空:-0.30,多 :0.08,-8,211.0,362.0,138.5,321.5,-12,105.88,30.087,,[],[],"['其他電子業(-1.97)', '造紙工業(-1.3)', '塑膠工業(-1.27)', '電機機械(-1.25)', '電子零組件業(-1.25)', '生技醫療業(-1.07)', '橡膠工業(-1.07)', '航運業(-1.07)', '資訊服務業(-1.01)']","['電腦及週邊類(-1.45)', '電子零組件類(-1.43)', '通信網路業(-1.33)', '生技醫療類(-1.24)', '半導體類(-1.15)', '電子工業(-1.13)', '光電業類(-1.13)', '紡織纖維(-1.02)']",12100.0, 12400  20223(  2678),11700.0, 11500  14103(  1980),12050.0,11850.0,74,573,660.5826996305237,743.4465207094763,142.6144788694644,202.9812980005356,9.0,11788
2020-01-07,11880.32,1664,空:-0.29,多 :0.09,37,273.5,268.0,182.5,254.0,-98,89.28,30.081999999999997,出貨日,[],[],"['電子零組件業(-2.67)', '油電燃氣業(-1.83)', '生技醫療業(-1.08)', '其他電子業(-1.08)']","['通信網路業(-1.52)', '其他電子類(-1.48)', '電腦及週邊類(-1.28)', '電子零組件類(-1.05)']",12300.0, 12200  18539(  2843),11700.0, 11600  13312(   864),12100.0,11700.0,118,393,562.5210671923624,1021.0289069276376,137.4334701378994,227.67433111210056,5.9,11871
2020-01-06,11953.36,1443,空:-0.23,多 :0.14,82,318.5,200.0,223.5,198.0,-97,99.09,30.11,,[],[],"['光電業(-2.55)', '半導體業(-2.17)', '電子零組件業(-1.84)', '電器電纜(-1.14)', '資訊服務業(-1.1)', '食品工業(-1.07)', '水泥工業(-1.06)', '航運業(-1.05)', '鋼鐵工業(-1.0)', '電腦及週邊設備業(-1.0)', '通信網路業(-1.0)']","['半導體類(-2.01)', '通信網路業(-1.76)', '其他電子類(-1.75)', '電子工業(-1.66)', '電腦及週邊類(-1.22)', '電子零組件類(-1.11)', '光電業類(-1.02)']",12400.0, 12300  20116(  3988),11700.0, 11600  12448(  1325),12300.0,11500.0,129,338,424.59157832660094,927.020567313399,107.78203529551297,201.67624582448707,23.8,11950
2020-01-03,12110.43,1937,多 :0.18,多 :0.22,127,407.5,132.5,279.5,164.0,-1,121.91,30.105,,"['油電燃氣業(2.88)', '塑膠工業(1.22)']",[],"['光電業(-2.18)', '電機機械(-1.13)']","['半導體類(-2.15)', '線上遊戲業(-1.91)', '通信網路業(-1.90)', '電子工業(-1.64)', '其他電子類(-1.55)', '文化創意業(-1.13)', '生技醫療類(-1.06)', '觀光事業(-1.05)']",12400.0, 12500  16133(  1414),11700.0, 11900  11548(   955),12500.0,11900.0,203,143,780.6262383960112,1035.755900133989,120.92236121709358,314.6891899329064,11.9,12086
2020-01-02,12100.48,1427,多 :0.15,多 :0.25,131,407.0,127.5,308.5,135.5,-34,127.11,30.114,多頭k,"['造紙工業(2.35)', '半導體業(2.09)', '水泥工業(1.22)', '電子零組件業(1.07)', '光電業(1.0)']","['半導體類(2.12)', '電子工業(1.43)', '資訊服務類(1.32)', '光電業類(1.15)', '通信網路業(1.15)', '電腦及週邊類(1.09)']",[],[],12400.0, 12300  16197(  -190),11700.0, 11800  11197(  1595),12400.0,11700.0,377,52,848.5563011772246,473.64738221277565,245.50222363014686,136.1224489598531,-1.3,12102
2019-12-31,11997.14,1180,多 :0.03,多 :0.20,142,384.0,129.0,282.5,139.0,-94,113.18,30.105999999999998,,[],"['線上遊戲業(2.00)', '文化創意業(1.25)']",['汽車工業(-1.77)'],[],12400.0, 12300  16387(  1893),11000.0, 11600  12351(   389),12400.0,11200.0,271,86,603.2223259406122,521.0137035193877,155.55161538012297,151.540841579877,20.9,11995
2019-12-30,12053.37,1255,多 :0.05,多 :0.23,161,362.0,149.0,277.5,158.0,-14,129.88,30.135,出貨日,"['電子零組件業(1.71)', '水泥工業(1.15)']","['通信網路業(1.56)', '線上遊戲業(1.12)']",[],[],12400.0, 12300  14494(   751),11000.0, 11600  11962(  -121),12400.0,11800.0,310,111,612.7449828215598,562.3454203784403,157.7295233141349,151.5338173158651,-3.8,12069
2019-12-27,12091.59,1090,多 :0.22,多 :0.25,182,363.0,146.0,266.0,162.0,79,138.47,30.20300000000001,,"['油電燃氣業(1.65)', '汽車工業(1.3)', '半導體業(1.3)', '電子零組件業(1.15)']",[],[],[],12300.0, 12400  12234(  -165),11000.0, 11600  12083(   253),12500.0,12000.0,277,82,623.4903713442676,387.0015793857325,182.0355964128023,172.61487161719762,-15.7,12097
2019-12-26,12001.01,1007,空:-0.03,多 :0.16,186,359.5,154.5,262.0,157.5,0,123.62,30.201,出貨日,['造紙工業(1.39)'],[],[],[],12300.0, 12400  12399(   538),11000.0, 11600  11830(   601),12500.0,10700.0,235,110,461.3113092858381,502.957440144162,162.57005797965118,153.5757149503488,-1.0,12009
2019-12-25,12008.13,912,空:-0.19,多 :0.15,209,366.5,155.5,245.5,176.0,6,122.63,30.20300000000001,,['電子零組件業(1.05)'],"['線上遊戲業(2.73)', '通信網路業(1.79)', '文化創意業(1.76)', '半導體類(1.34)', '化學工業(1.24)', '電子零組件類(1.11)', '電子工業(1.01)']",[],[],12300.0, 12200  11864(   446),11000.0, 11600  11229(   573),12400.0,12400.0,259,93,561.4223494524456,303.8010812175543,233.16374699115173,126.03566370884823,3.8,12020
2019-12-24,11976.38,1041,空:-0.20,多 :0.17,250,399.0,150.5,230.5,186.0,7,105.19,30.205,,[],[],[],[],12300.0, 12200  11418(   393),11000.0, 11600  10656(   625),12000.0,12000.0,210,133,490.424435828728,501.16683238127194,157.95249193131326,107.94794256868677,-0.2,11983
2019-12-23,12022.23,1143,多 :0.14,多 :0.20,294,436.5,134.0,219.5,186.0,18,108.72,30.215,,"['航運業(1.42)', '玻璃陶瓷(1.23)', '半導體業(1.16)']",['航運業(1.72)'],"['光電業(-1.52)', '橡膠工業(-1.15)']",[],12300.0, 12200  11025(  1447),11000.0, 11600  10031(   658),12200.0,11500.0,250,146,588.4910756989607,494.73287155103935,129.30621506796209,127.07471711203787,1.8,12020
2019-12-20,11959.08,1705,多 :0.05,多 :0.17,300,464.5,133.5,224.0,193.5,-45,106.42,30.21,出貨日,['電器電纜(2.14)'],['生技醫療類(1.23)'],"['半導體業(-1.61)', '造紙工業(-1.46)', '玻璃陶瓷(-1.0)']",[],12300.0, 12400  10477(  1650),11000.0, 11600   9373(  2064),12300.0,11600.0,221,133,624.1653758529646,1014.0245186070357,114.81952802476508,197.9116053452349,-3.2,11979
2019-12-19,12018.9,1377,多 :0.30,多 :0.20,314,429.5,169.0,194.0,255.5,-70,112.46,30.208000000000002,,[],['觀光事業(1.58)'],"['半導體業(-2.21)', '玻璃陶瓷(-1.66)']",['半導體類(-1.10)'],12300.0, 12400   8827(  3577),11000.0, 11600   7309(  1790),12400.0,11600.0,237,135,545.9538023656552,772.972643154345,140.79725269572816,198.79600144427184,15.8,12030
2019-12-18,12122.45,1506,多 :0.71,多 :0.21,300,410.0,189.0,200.0,262.0,52,134.28,30.233,,"['食品工業(1.31)', '造紙工業(1.2)', '玻璃陶瓷(1.09)']",[],[],[],12300.0, 12100   6927(-16933),11000.0, 11500   6741(-11777),12500.0,12300.0,359,116,743.8679124995166,692.3740485404834,150.93345841537874,208.3608077246212,0.1,12118
2019-12-17,12097.01,1565,多 :0.79,多 :0.19,240,370.0,219.0,212.0,254.0,108,191.54,30.21,多頭k,"['半導體業(2.54)', '光電業(2.29)', '汽車工業(2.27)', '塑膠工業(1.42)']",[],[],[],12100.0, 11900  18725( -5925),12000.0, 11700  24914( -3106),12150.0,12050.0,309,119,971.1766816423924,483.09005312760763,193.76953879659519,187.39516361340483,-18.4,12100
2019-12-16,11939.77,1448,多 :0.47,多 :0.15,169,330.5,239.0,215.5,258.5,21,165.68,30.263,,"['光電業(1.67)', '電子零組件業(1.45)', '油電燃氣業(1.18)', '造紙工業(1.01)']","['線上遊戲業(2.18)', '文化創意業(1.60)', '半導體類(1.21)', '光電業類(1.10)']",[],[],12000.0, 11900  24650(  -371),11900.0, 11700  28020(  2153),12050.0,11900.0,254,158,820.3098351976225,558.4333904323775,235.33158334903555,129.06114467096444,-11.9,11961
2019-12-13,11927.73,1731,多 :0.54,多 :0.17,130,305.5,267.0,218.0,260.0,159,166.48,30.317,多頭k,"['半導體業(1.82)', '汽車工業(1.3)']",[],[],"['生技醫療類(-1.79)', '線上遊戲業(-1.48)', '文化創意業(-1.13)', '電腦及週邊類(-1.11)', '電子零組件類(-1.08)']",11900.0, 12000  23972(  2034),11600.0, 11700  25867(  1765),12100.0,11750.0,163,296,794.6249095435855,835.5862360764144,165.908181071659,283.839391288341,-24.8,11965
2019-12-12,11836.42,1544,多 :0.42,多 :0.17,86,311.0,257.5,224.5,240.5,94,166.26,30.406,多頭k,"['半導體業(3.25)', '光電業(1.23)', '汽車工業(1.0)']",['半導體類(1.17)'],[],"['生技醫療類(-1.75)', '觀光事業(-1.08)']",11900.0, 11800  25436(-10363),11400.0, 11100  24506(  -256),12050.0,11700.0,205,223,799.4543087278441,673.694140772156,255.49324529609729,202.6807598039027,-0.9,11853
2019-12-11,11700.77,1289,多 :0.33,多 :0.10,57,320.5,239.0,234.5,218.5,40,143.13,30.505,多頭k,['半導體業(1.55)'],[],[],['紡織纖維(-1.80)'],11800.0, 11900  27208(  1747),11400.0, 11100  24762(  1099),11850.0,11600.0,252,206,802.6687248047988,443.55312065520127,195.23365882647133,159.26381708352864,-10.6,11706
2019-12-10,11627.84,1054,多 :0.17,多 :0.05,31,278.0,264.0,209.5,226.5,-27,133.38,30.503,,[],[],[],[],11800.0, 11900  25461(   852),11400.0, 11100  23663(   434),11800.0,11300.0,204,197,511.6343405869709,495.7606360830291,185.05213543726555,157.43793275273444,11.3,11625
2019-12-09,11660.77,1237,多 :0.27,多 :0.10,17,248.0,254.5,206.5,221.0,41,144.98,30.502,,['光電業(2.28)'],['通信網路業(1.48)'],[],[],11800.0, 11900  24609(   799),11400.0, 11100  23229( -2330),12000.0,11500.0,229,177,672.4405558913908,497.2127597886094,181.1618202993045,167.64868393069548,-6.6,11671
2019-12-06,11609.64,1125,多 :0.21,多 :0.01,-2,217.0,294.0,186.5,242.0,38,136.47,30.5,,[],"['線上遊戲業(3.29)', '文化創意業(2.41)', '航運業(1.40)']",[],[],11800.0, 11900  23810(  4344),11400.0, 11100  25559(   410),11900.0,11600.0,154,163,519.3792946059701,543.3194874840299,228.9389289340025,174.78177197599754,-6.6,11612
2019-12-05,11594.65,1251,空:-0.04,空:-0.01,-24,182.0,358.5,162.5,264.0,61,134.89,30.5,多頭k,"['光電業(3.5)', '半導體業(1.85)']","['半導體類(2.56)', '其他電子類(1.68)', '電子工業(1.68)', '電子零組件類(1.04)']",['玻璃陶瓷(-1.0)'],[],11800.0, 11900  19466(   684),11100.0, 11400  24536(  2809),11900.0,11400.0,160,159,728.4065553256207,424.77620550437933,283.8346006456448,136.07674914435523,-14.0,11598
2019-12-04,11510.47,1094,空:-0.24,空:-0.06,-21,184.0,366.5,159.0,274.0,-26,124.89,30.50800000000001,,[],[],['電機機械(-1.38)'],"['線上遊戲業(-1.68)', '文化創意業(-1.51)']",11800.0, 11700  20189(  1734),11100.0, 11300  21742(  1321),11700.0,11300.0,115,257,470.0713170261666,558.4358935038334,186.77280137264717,179.79405249735282,-1.9,11503
2019-12-03,11531.58,1097,空:-0.08,空:-0.05,0,215.5,310.0,182.5,249.0,45,117.56,30.506999999999998,,"['水泥工業(1.41)', '其他電子業(1.22)', '電腦及週邊設備業(1.19)', '電子零組件業(1.06)']",['電子零組件類(1.08)'],[],[],11800.0, 11900  19522(  1309),11100.0, 11400  21817(  2151),11800.0,11400.0,109,232,659.5412565861561,381.9658461538438,169.6035440509242,124.33255219907579,-9.4,11524
2019-12-02,11502.83,1148,空:-0.10,空:-0.02,2,216.5,290.5,175.0,243.5,34,115.24,30.509,,[],[],[],"['線上遊戲業(-2.02)', '光電業類(-1.56)', '文化創意業(-1.34)', '鋼鐵工業(-1.17)', '生技醫療類(-1.13)']",11800.0, 12000  19752(  -580),11100.0, 11400  19666(  -328),11800.0,11300.0,90,387,477.56559094710127,577.7057218328987,153.37487362308124,174.46788989691876,5.0,11502
2019-11-29,11489.57,1214,空:-0.13,多 :0.04,11,238.0,231.5,194.0,208.5,-125,114.3,30.513,出貨日,[],[],"['汽車工業(-1.77)', '其他電子業(-1.55)', '半導體業(-1.5)', '電子零組件業(-1.38)', '水泥工業(-1.37)', '資訊服務業(-1.2)', '生技醫療業(-1.11)', '鋼鐵工業(-1.05)', '貿易百貨(-1.02)', '電腦及週邊設備業(-1.0)', '金融保險(-1.0)', '油電燃氣業(-1.0)', '其他(-1.0)']","['觀光事業(-1.46)', '半導體類(-1.31)', '生技醫療類(-1.00)']",11800.0, 12000  20332(  1696),11100.0, 11400  19994(  3939),11800.0,11400.0,94,279,304.50320936245566,812.8935898875443,117.97675972190149,228.71870629809857,2.0,11465
2019-11-28,11617.08,1062,多 :0.10,多 :0.11,31,269.0,207.5,199.5,194.5,14,128.67,30.505,,[],"['通信網路業(1.60)', '生技醫療類(1.09)', '觀光事業(1.03)']",[],"['線上遊戲業(-1.29)', '文化創意業(-1.02)']",11800.0, 12000  18636(  1941),11100.0, 11200  16079(  1900),12000.0,11200.0,166,154,429.37898436681473,570.8479346231853,169.3550048473559,168.91211109264412,-3.5,11614
2019-11-27,11647.46,1099,多 :0.03,多 :0.12,32,256.0,222.0,194.5,200.0,25,136.78,30.515,,"['光電業(2.0)', '半導體業(1.1)']","['電腦及週邊類(1.17)', '電子通路類(1.13)']",[],[],11800.0, 13400  18279(     0),11100.0, 11400  14753(  1141),12000.0,11200.0,192,148,633.1441932068705,398.67819895312965,199.0060021079858,145.6354162220142,-12.3,11647
2019-11-26,11576.82,2019,空:-0.14,多 :0.11,42,252.5,242.5,173.5,237.5,3,140.85,30.512,,"['汽車工業(2.25)', '電機機械(1.24)', '觀光事業(1.21)']","['線上遊戲業(2.18)', '半導體類(1.65)', '文化創意業(1.19)', '電子工業(1.10)']",[],[],11800.0, 13400  18279(    10),11100.0, 11300  14118(  2774),11800.0,11300.0,182,143,786.5007594842468,1162.2623646257534,224.3379406290071,163.61507870099294,-0.6,11618
2019-11-25,11561.58,1135,空:-0.07,多 :0.11,70,250.5,249.0,170.0,251.5,14,130.73,30.506999999999998,出貨日,"['光電業(1.79)', '電機機械(1.39)', '造紙工業(1.07)']",['電子通路類(1.56)'],['其他電子業(-1.63)'],[],11800.0, 13400  18269(    18),11100.0, 11400  12773(  1161),12000.0,11400.0,186,180,507.39158023386,558.4326278161401,147.0486802743017,132.3603619356983,-3.5,11565
2019-11-22,11566.8,1094,多 :0.07,多 :0.12,90,254.5,263.5,173.5,259.0,-1,129.4,30.517,,['生技醫療業(1.01)'],['生技醫療類(2.04)'],[],[],11800.0, 13400  18251(     0),11100.0, 11300  11829(  -222),11800.0,11100.0,181,202,500.79537184993103,500.22675481006905,181.8364094285127,149.6947301114873,2.6,11556
2019-11-21,11558.27,1218,多 :0.19,多 :0.10,96,250.5,285.0,174.5,276.5,-98,130.36,30.524,出貨日,[],"['線上遊戲業(1.38)', '生技醫療類(1.12)']","['食品工業(-1.16)', '貿易百貨(-1.16)', '光電業(-1.08)']",[],13400.0, 11800  16672(  3404),11100.0, 11300  12051(  1461),11700.0,11100.0,152,270,566.6248370669795,553.9024394830204,217.6371231106681,94.70364336933191,10.3,11544
2019-11-20,11631.2,1182,多 :0.28,多 :0.17,86,238.0,352.5,166.5,318.5,10,133.72,30.5,,"['水泥工業(1.71)', '玻璃陶瓷(1.38)', '生技醫療業(1.04)']",[],"['電子零組件業(-1.18)', '光電業(-1.12)']","['半導體類(-2.29)', '電子工業(-1.62)', '電子零組件類(-1.22)', '電腦及週邊類(-1.17)', '通信網路業(-1.08)']",13400.0, 11800  13268(-11722),11300.0, 10900  10533( -5972),13400.0,8200.0,183,271,425.0060243930171,678.3945187369831,72.88349150596855,215.92111254403147,3.9,11607
2019-11-19,11656.4,1236,多 :0.24,多 :0.17,73,222.5,369.0,173.0,310.5,110,163.43,30.509,,"['其他電子業(1.86)', '半導體業(1.0)']",['線上遊戲業(1.22)'],['玻璃陶瓷(-1.01)'],['資訊服務類(-1.13)'],11700.0, 11600  32479(   289),11600.0, 11400  30529(   -57),11700.0,11600.0,194,269,700.6379770073378,461.58793130266207,132.09485661319985,158.26191890680016,-7.6,11644
2019-11-18,11599.78,1098,多 :0.30,多 :0.18,65,231.5,363.5,183.0,308.0,29,155.11,30.501,,['半導體業(1.19)'],"['電腦及週邊類(1.98)', '電子零組件類(1.14)', '其他電子類(1.08)']",[],"['線上遊戲業(-2.13)', '文化創意業(-1.32)']",11600.0, 11700  27452(  1227),11400.0, 11200  30282(  -420),11650.0,11500.0,224,302,594.8932014035853,428.22125843641487,157.66018735603078,133.33220983396924,-0.3,11593
2019-11-15,11525.6,1319,空:-0.09,多 :0.15,51,176.5,466.5,152.5,366.0,42,146.77,30.538,,"['水泥工業(1.99)', '其他電子業(1.36)', '造紙工業(1.22)', '半導體業(1.13)']","['通信網路業(1.65)', '其他電子類(1.06)']",[],[],11600.0, 11800  26746(  4278),11400.0, 11200  30702( -1919),11600.0,11450.0,192,302,696.5715782036041,557.3557750163959,188.92602268971348,121.20483256028656,-10.5,11532
2019-11-14,11450.42,1322,空:-0.27,多 :0.12,79,198.0,458.5,161.5,356.5,42,137.77,30.582,出貨日,[],[],[],"['紡織纖維(-1.48)', '鋼鐵工業(-1.44)']",11600.0, 11700  24843(  1336),11200.0, 11400  29266(  5472),11600.0,11450.0,154,451,568.827795496956,690.5338251230438,110.50320180712816,143.30352644287183,-4.5,11456
2019-11-13,11467.83,1166,空:-0.32,多 :0.13,124,199.5,457.0,169.0,336.0,-62,138.71,30.503,,['電子通路業(2.03)'],[],"['鋼鐵工業(-1.61)', '橡膠工業(-1.0)']",[],11700.0, 11600  22491(  3935),11200.0, 10800  24702(  1852),11650.0,11350.0,176,353,513.3696349903596,583.4456741696405,143.90653718305856,124.55162143694143,13.1,11466
2019-11-12,11520.37,1195,空:-0.21,多 :0.18,176,212.0,437.5,177.5,316.5,46,134.03,30.421999999999997,,"['其他電子業(2.72)', '電子零組件業(1.86)', '半導體業(1.37)', '電腦及週邊設備業(1.03)']","['線上遊戲業(1.24)', '電子零組件類(1.23)', '半導體類(1.12)']",['橡膠工業(-3.46)'],[],11800.0, 11700  20689(  1265),11200.0, 10800  22850(  -652),11700.0,11200.0,178,303,759.73596932922,347.43330980077997,165.59078829918624,93.40342259081379,-3.6,11523
2019-11-11,11427.28,1539,空:-0.22,多 :0.16,221,226.5,387.0,190.0,281.5,38,120.95,30.435,出貨日,[],[],"['其他電子業(-3.43)', '光電業(-3.0)', '橡膠工業(-2.27)', '電子零組件業(-2.1)', '觀光事業(-1.93)', '生技醫療業(-1.77)', '油電燃氣業(-1.61)', '半導體業(-1.45)', '化學生技醫療(-1.37)', '電腦及週邊設備業(-1.36)', '紡織纖維(-1.27)', '水泥工業(-1.21)', '玻璃陶瓷(-1.2)', '資訊服務業(-1.11)', '建材營造(-1.09)', '其他(-1.03)', '化學工業(-1.0)']","['線上遊戲業(-2.96)', '文化創意業(-2.52)', '半導體類(-2.49)', '通信網路業(-2.13)', '電子工業(-2.06)', '光電業類(-2.05)', '建材營造(-1.86)', '其他電子類(-1.82)', '資訊服務類(-1.59)', '電子零組件類(-1.49)', '電機機械(-1.35)', '紡織纖維(-1.19)', '電子通路類(-1.17)', '生技醫療類(-1.14)', '電腦及週邊類(-1.10)', '化學工業(-1.10)']",11800.0, 11600  20182(  4620),10800.0, 11200  21390( -2072),11600.0,10400.0,129,545,367.60265511476285,1058.265446235237,98.1003158492724,245.6238107007277,7.8,11437
2019-11-08,11579.54,1415,多 :0.31,多 :0.30,265,304.5,287.0,229.5,228.5,15,147.67,30.412,,['電腦及週邊設備業(1.49)'],['電腦及週邊類(1.71)'],"['食品工業(-1.18)', '半導體業(-1.11)']","['線上遊戲業(-1.89)', '文化創意業(-1.00)']",11800.0, 11300  16422(  -209),10800.0, 11200  23462(  3740),11700.0,11200.0,218,233,623.1467064715513,714.7197203484491,172.06818129834957,232.1462101616504,1.7,11573
2019-11-07,11606.56,1416,多 :0.43,多 :0.26,264,320.0,262.5,251.5,221.0,49,157.69,30.406,,[],[],['光電業(-1.3)'],"['半導體類(-2.38)', '電子工業(-1.62)', '其他電子類(-1.15)', '電子零組件類(-1.12)', '通信網路業(-1.06)']",11800.0, 11300  16631(  -563),10800.0, 11000  22937(  -261),11900.0,11400.0,166,264,557.3434425671061,783.9266501928937,115.29886126495278,300.9272018450472,6.4,11596
2019-11-06,11653.07,1611,多 :0.48,多 :0.32,244,305.5,245.5,261.5,208.0,0,174.47,30.4,,"['資訊服務業(1.2)', '金融保險(1.2)']",[],"['電子零組件業(-1.19)', '食品工業(-1.05)']","['光電業類(-1.39)', '通信網路業(-1.28)', '半導體類(-1.22)', '電子零組件類(-1.13)', '電子工業(-1.03)']",11800.0, 11300  17194(  -468),10800.0, 11000  23198(   736),11900.0,11600.0,209,167,702.482008508149,804.6425023118509,133.75687740632162,265.19323764367846,7.0,11653
2019-11-05,11644.03,1562,多 :0.54,多 :0.33,225,341.5,223.5,267.5,202.0,131,176.41,30.371,多頭k,"['電子零組件業(1.6)', '半導體業(1.27)', '汽車工業(1.26)', '鋼鐵工業(1.12)']","['半導體類(2.03)', '電子工業(1.18)']",[],[],11800.0, 11600  18688(  -942),10800.0, 11000  22462(  -608),11800.0,11500.0,279,131,896.5947196687817,529.9316265012181,268.9497961374788,144.44790221252126,-0.2,11645
2019-11-04,11556.85,1584,多 :0.43,多 :0.30,200,308.0,235.0,234.0,219.5,144,181.53,30.405,多頭k,"['其他電子業(4.06)', '半導體業(2.14)', '食品工業(1.83)', '光電業(1.7)', '汽車工業(1.19)', '資訊服務業(1.11)', '電腦及週邊設備業(1.07)']",['光電業類(1.95)'],[],[],11600.0, 11300  18494( -3773),10800.0, 11000  23070( -1470),11800.0,11400.0,303,163,928.9496947518472,511.64335914815257,176.3202437735525,164.41823436644748,2.1,11544
2019-11-01,11399.53,1374,多 :0.18,多 :0.20,186,285.5,232.0,225.5,224.5,82,153.88,30.479,,"['其他電子業(3.69)', '資訊服務業(1.58)', '電機機械(1.3)']","['線上遊戲業(3.58)', '文化創意業(2.25)', '通信網路業(1.79)', '資訊服務類(1.56)', '生技醫療類(1.12)']",[],[],11300.0, 11400  21670(  -576),10800.0, 11000  24540(  2421),11500.0,11000.0,199,184,753.7949751955341,503.3267654244658,204.33950324795208,128.69491108204784,-0.7,11371
2019-10-31,11358.71,1560,多 :0.07,多 :0.18,188,284.5,219.0,210.0,239.5,69,147.22,30.462,出貨日,['光電業(1.02)'],[],['油電燃氣業(-1.43)'],"['半導體類(-1.83)', '通信網路業(-1.64)', '電子工業(-1.05)']",11300.0, 11400  22246(   575),10800.0, 11000  22119(  -962),11600.0,11100.0,172,232,629.6731453915944,867.2876406684053,139.20226836096492,264.2958671090351,-0.8,11346
2019-10-30,11380.28,1251,多 :0.25,多 :0.25,200,352.5,160.5,238.0,192.0,70,157.55,30.533,,"['生技醫療業(2.42)', '油電燃氣業(1.43)', '化學生技醫療(1.21)', '電子零組件業(1.15)']",['生技醫療類(1.53)'],[],[],11300.0, 11400  21671(  -301),10800.0, 11000  23081(   457),11700.0,11300.0,214,165,704.1823903831995,484.52861626680055,214.0262242601422,131.97462850985778,-6.8,11338
2019-10-29,11333.87,1467,多 :0.11,多 :0.21,199,345.0,156.5,233.0,199.5,64,156.52,30.522,,['半導體業(1.05)'],[],"['電子零組件業(-1.62)', '資訊服務業(-1.04)']",['通信網路業(-1.65)'],11300.0, 11400  21972(   254),10800.0, 11000  22624(  4466),11700.0,11000.0,152,203,617.3621408456248,778.9668025143751,193.63619002151643,279.5264325884836,1.8,11326
2019-10-28,11315.02,1175,多 :0.23,多 :0.20,210,396.5,136.0,241.0,173.0,69,159.72,30.572,,[],"['半導體類(2.54)', '電子通路類(1.74)', '通信網路業(1.49)', '電子工業(1.43)', '資訊服務類(1.28)']",['玻璃陶瓷(-1.08)'],[],11300.0, 11400  21718(   264),10800.0, 10700  22161( -2194),11600.0,11000.0,253,152,555.6353010730028,530.6160728069972,281.44657675037195,142.6160059096281,-1.2,11311
2019-10-25,11296.12,1304,多 :0.21,多 :0.17,206,428.5,122.0,235.5,164.5,32,161.76,30.594,,[],['紡織纖維(2.01)'],['光電業(-1.13)'],[],11300.0, 11400  21454(   147),10800.0, 10700  24355(   478),11700.0,10900.0,189,125,459.8254346612668,747.8186827387332,162.7001109362026,217.01942788379745,5.4,11284
2019-10-24,11320.14,1433,多 :0.24,多 :0.18,201,418.0,126.0,208.0,184.0,147,161.07,30.586,多頭k,"['光電業(2.32)', '汽車工業(2.31)', '食品工業(1.33)', '塑膠工業(1.3)', '電子零組件業(1.23)']","['半導體類(1.63)', '電子工業(1.09)', '化學工業(1.08)']",[],[],11300.0, 11400  21307(   861),10800.0, 10700  23877(   909),11600.0,10800.0,264,98,842.6394251164605,468.01506755353927,226.7568963730583,113.01664524694172,-35.3,11290
2019-10-23,11239.67,1408,多 :0.14,多 :0.14,195,386.0,149.5,201.0,208.5,49,155.79,30.611,出貨日,[],"['觀光事業(1.06)', '紡織纖維(1.05)']","['食品工業(-1.38)', '玻璃陶瓷(-1.28)', '水泥工業(-1.0)']",['線上遊戲業(-1.28)'],11300.0, 11400  20446(   424),10800.0, 10700  22968(   278),11600.0,10500.0,161,134,660.9783862832944,675.7574398267054,170.2493618531845,176.2440074968155,2.7,11201
2019-10-22,11271.25,1274,多 :0.29,多 :0.17,195,319.0,96.5,177.0,144.5,138,163.99,30.594,,"['貿易百貨(2.18)', '其他電子業(1.74)', '汽車工業(1.57)', '電腦及週邊設備業(1.47)', '半導體業(1.1)', '塑膠工業(1.06)', '電子零組件業(1.03)']","['紡織纖維(1.29)', '通信網路業(1.17)']",['橡膠工業(-1.24)'],[],11300.0, 11400  20022(   827),10800.0, 10700  22690(  1685),11500.0,10800.0,336,152,718.305679808282,484.833450351718,179.54569258988465,191.99791190011533,-8.7,11242
2019-10-21,11184.15,1032,多 :0.21,多 :0.12,182,263.5,106.5,155.5,134.5,47,144.7,30.592,,"['玻璃陶瓷(1.84)', '造紙工業(1.8)', '電器電纜(1.72)', '水泥工業(1.44)', '建材營造(1.35)', '橡膠工業(1.06)']",['建材營造(1.30)'],[],[],11300.0, 11400  19195(   414),10800.0, 10700  21005(   559),11500.0,10800.0,359,137,505.4978721023784,467.4059399276216,214.27912532223755,148.10722784776252,-0.2,11155
2019-10-18,11180.22,1463,多 :0.52,多 :0.14,171,320.5,196.5,170.5,307.5,61,143.77,30.611,出貨日,"['水泥工業(1.3)', '橡膠工業(1.09)']",['觀光事業(1.24)'],[],[],11300.0, 11400  18781(  3965),10800.0, 10700  20446(  1145),11400.0,11000.0,200,168,663.6574227488542,713.6995788411456,223.70035641203262,172.69936056796737,1.1,11150
2019-10-17,11186.88,1236,多 :0.31,多 :0.13,128,265.5,261.5,161.5,331.0,92,155.64,30.681,,"['其他電子業(2.22)', '電子零組件業(1.11)']","['觀光事業(1.73)', '半導體類(1.47)', '線上遊戲業(1.28)', '建材營造(1.18)', '其他電子類(1.05)', '文化創意業(1.05)', '電子工業(1.02)']",[],[],11300.0, 11500  14851(   366),10800.0, 10700  19301(  4164),11300.0,10700.0,207,169,700.2202206065831,475.3038271534169,237.1114245132193,107.32232800678068,-8.1,11157
2019-10-16,11162.83,1480,多 :0.41,多 :0.15,109,218.5,293.5,148.0,345.5,92,150.86,30.721999999999998,,"['橡膠工業(2.41)', '建材營造(1.66)']",['建材營造(1.23)'],['光電業(-1.4)'],['電子零組件類(-1.55)'],11300.0, 11500  14485( 10599),10800.0, 10300  16310( -3284),11500.0,9600.0,179,228,653.8725981483316,722.4497325016684,153.10592108758448,243.84385626241558,-1.3,11145
2019-10-15,11111.8,1376,多 :0.40,多 :0.15,80,197.5,344.0,151.0,333.5,49,183.61,30.686,,['橡膠工業(1.03)'],['資訊服務類(1.34)'],[],[],11100.0, 11200  30540(  2807),10400.0, 10500  27521(  -288),11150.0,11100.0,173,325,674.6690023093404,624.9185232406596,217.9083398540461,194.497126425954,-4.3,11108
2019-10-14,11066.95,1627,多 :0.35,多 :0.14,53,187.0,384.5,153.0,323.5,152,170.97,30.62,多頭k,"['電子零組件業(3.12)', '電機機械(2.66)', '半導體業(2.58)', '電器電纜(2.25)', '汽車工業(1.91)', '其他電子業(1.79)', '建材營造(1.77)', '橡膠工業(1.73)', '油電燃氣業(1.4)', '造紙工業(1.39)', '金融保險(1.31)', '航運業(1.28)', '水泥工業(1.21)', '紡織纖維(1.16)', '塑膠工業(1.09)', '鋼鐵工業(1.02)', '貿易百貨(1.02)']","['半導體類(3.07)', '電子工業(1.81)', '其他電子類(1.08)']",[],[],11100.0, 11200  27733(  1761),10400.0, 10500  27809(   476),11150.0,11000.0,192,327,894.6312196499528,547.1107465900473,228.09655238157464,141.45359829842542,-1.6,11076
2019-10-09,10889.96,1304,空:-0.11,多 :0.04,30,158.5,453.5,152.0,316.0,-71,144.63,30.85,,[],[],"['半導體業(-1.81)', '其他電子業(-1.57)', '電子零組件業(-1.3)', '塑膠工業(-1.29)', '油電燃氣業(-1.26)', '電子通路業(-1.1)', '食品工業(-1.07)', '電腦及週邊設備業(-1.06)', '光電業(-1.04)']","['資訊服務類(-1.73)', '電腦及週邊類(-1.03)']",11100.0, 11200  25972(  1002),10400.0, 10500  27333(   449),11050.0,10800.0,108,498,423.893203342175,797.5444988978253,155.42533691399558,164.66738756600446,24.8,10880
2019-10-08,11017.31,1310,多 :0.09,多 :0.11,46,168.5,412.5,163.5,277.5,101,166.26,30.842,多頭k,"['半導體業(2.11)', '水泥工業(1.0)']",[],[],"['線上遊戲業(-1.82)', '航運業(-1.72)', '文化創意業(-1.31)']",11100.0, 11200  24970(   492),10500.0, 10400  26549(  -523),11300.0,10900.0,127,349,620.3291901830762,602.3226314969238,141.66331651341966,176.04554792658038,2.9,11001
2019-10-07,10935.06,1143,多 :0.19,多 :0.08,48,172.0,393.0,181.0,272.5,25,141.52,30.902,,"['電子零組件業(1.63)', '其他電子業(1.19)']",['其他電子類(1.23)'],['資訊服務業(-1.54)'],"['線上遊戲業(-1.57)', '文化創意業(-1.03)']",11100.0, 11000  27364(   371),10400.0, 10500  27005(   202),11200.0,10700.0,145,340,624.4045690627757,456.69367681722434,158.98864860562222,129.1160982643778,-2.1,10915
2019-10-04,10894.48,1235,多 :0.04,多 :0.11,36,132.5,480.0,157.0,307.0,-9,133.47,30.97300000000001,,[],[],[],['光電業類(-1.07)'],11100.0, 11000  26993(  2221),10500.0, 10400  26498(   320),11000.0,10600.0,113,357,566.1412292507864,592.9698400092136,127.84512870506454,160.69931676493547,1.7,10880
2019-10-03,10875.91,1217,多 :0.00,多 :0.15,43,133.0,478.5,170.5,302.0,-87,131.59,31.064,出貨日,[],[],"['油電燃氣業(-1.6)', '汽車工業(-1.3)']",[],11100.0, 11000  24772(  1474),10500.0, 10400  26178(   197),10900.0,10500.0,114,337,603.7588878032102,494.2872294467897,192.74646695803844,106.26976413196155,30.3,10851
2019-10-02,10947.88,1169,多 :0.05,多 :0.14,59,140.0,439.0,171.0,302.0,13,145.41,31.063000000000002,,['生技醫療業(1.44)'],"['線上遊戲業(1.29)', '文化創意業(1.12)']",['油電燃氣業(-1.39)'],[],11100.0, 11200  23692(  1522),10400.0, 10500  25879(  5162),11100.0,10500.0,117,265,676.9132679350511,407.5625148449489,151.30337216062088,102.12964530937914,-2.5,10922
2019-10-01,10967.65,1498,多 :0.09,多 :0.16,68,157.0,396.0,189.5,286.0,139,155.32,31.045,多頭k,"['半導體業(2.64)', '汽車工業(2.52)', '油電燃氣業(2.2)', '電子零組件業(2.02)', '光電業(1.85)', '電器電纜(1.04)']","['電腦及週邊類(1.62)', '電子零組件類(1.30)', '紡織纖維(1.03)']",['食品工業(-1.15)'],['鋼鐵工業(-1.69)'],11100.0, 11200  22170(  1025),10400.0, 10300  23998(  -305),11300.0,10800.0,126,316,970.6401585571354,434.4322508828648,152.08150383743782,100.90549975256214,-2.7,10954
2019-09-27,10829.68,1247,空:-0.18,多 :0.17,76,181.5,327.5,203.5,246.5,22,132.19,31.041999999999998,出貨日,[],[],"['玻璃陶瓷(-1.75)', '生技醫療業(-1.46)', '食品工業(-1.39)', '電腦及週邊設備業(-1.39)', '電子零組件業(-1.37)', '塑膠工業(-1.36)', '電機機械(-1.33)', '造紙工業(-1.32)', '電器電纜(-1.28)', '化學生技醫療(-1.13)', '其他電子業(-1.08)', '觀光事業(-1.03)']","['半導體類(-1.72)', '光電業類(-1.71)', '通信網路業(-1.60)', '電子工業(-1.39)', '電腦及週邊類(-1.26)', '資訊服務類(-1.09)', '電子零組件類(-1.03)']",11100.0, 11000  22949(  1122),10400.0, 10300  24303( -4317),11000.0,10700.0,95,410,482.3696656542869,698.1923832257132,110.61497118863475,205.88603098136525,25.0,10824
2019-09-26,10871.99,1160,空:-0.04,多 :0.20,114,274.0,235.0,233.0,198.5,-10,136.78,31.04,出貨日,['光電業(1.09)'],['電子通路類(1.33)'],['油電燃氣業(-1.14)'],['鋼鐵工業(-1.62)'],11100.0, 11000  21827(  -213),10300.0, 10400  26423(  -550),11100.0,10300.0,143,203,486.4346316883351,603.3261700316649,106.21732735128029,172.29054220871967,2.8,10843
2019-09-25,10873.69,1062,空:-0.10,多 :0.23,141,286.0,206.0,234.0,192.0,-31,146.38,31.034000000000002,,[],[],"['油電燃氣業(-1.57)', '電子零組件業(-1.5)']","['文化創意業(-1.41)', '線上遊戲業(-1.39)', '紡織纖維(-1.29)', '通信網路業(-1.27)']",11100.0, 11000  22040(  4009),10400.0, 10300  26475(  2158),11000.0,10600.0,151,190,443.7170605586903,546.6027604013096,137.4372354377327,157.0583593922673,1.4,10841
2019-09-24,10918.01,1097,多 :0.08,多 :0.26,176,366.5,159.5,236.5,188.0,21,138.7,31.013,出貨日,['油電燃氣業(1.33)'],"['線上遊戲業(4.22)', '文化創意業(2.41)', '資訊服務類(1.72)', '紡織纖維(1.34)']",['電子零組件業(-1.18)'],['觀光事業(-1.26)'],11100.0, 11200  19492(  1640),10400.0, 10300  24317(   387),11300.0,10500.0,199,122,441.83964115883225,590.1948584611678,164.15795162719522,209.1454388028048,3.2,10908
2019-09-23,10919.02,1068,多 :0.04,多 :0.18,196,389.5,156.5,239.5,181.0,15,137.7,31.057,,[],['紡織纖維(1.02)'],['汽車工業(-1.41)'],[],11100.0, 11200  17852(  2474),10400.0, 10300  23930(  2593),11200.0,10300.0,235,123,535.7727141496632,448.7011079803368,152.539949782904,112.83812704709602,0.9,10894
2019-09-20,10929.69,1479,多 :0.19,多 :0.19,211,380.0,174.0,220.0,214.0,48,136.94,30.98,,"['汽車工業(3.29)', '觀光事業(1.81)', '電器電纜(1.44)', '油電燃氣業(1.24)', '紡織纖維(1.2)', '食品工業(1.1)', '其他電子業(1.07)']",[],[],[],11100.0, 11000  17074(  -433),10400.0, 10300  21337(   364),11100.0,10700.0,250,113,805.4147443917062,619.4062086982938,190.28307879432217,130.31850251567786,-0.9,10901
2019-09-19,10894.7,1146,多 :0.19,多 :0.17,210,387.0,167.5,217.0,218.0,10,129.27,31.006,,['資訊服務業(1.33)'],['線上遊戲業(1.22)'],['油電燃氣業(-1.64)'],[],11100.0, 11000  17507(  2379),10400.0, 10300  20973(  3017),11300.0,10600.0,209,158,496.654322097431,576.5162817425689,188.8339315507498,121.1107760192502,-3.8,10870
2019-09-18,10929.45,1304,多 :0.32,多 :0.19,208,371.5,175.5,221.5,227.0,178,139.49,31.0,,"['光電業(2.65)', '玻璃陶瓷(1.35)', '生技醫療業(1.3)']",['半導體類(1.49)'],[],[],11100.0, 11000  15128(-26352),10400.0, 10300  17956( -1684),11100.0,10400.0,265,156,716.2111784165585,509.9430133434414,219.6521939018011,142.49005256819888,1.0,10959
2019-09-17,10874.5,1175,多 :0.14,多 :0.18,193,323.0,206.5,208.5,232.0,53,145.79,31.035,,[],[],"['油電燃氣業(-1.81)', '其他電子業(-1.25)', '鋼鐵工業(-1.14)', '水泥工業(-1.09)', '食品工業(-1.02)']",[],11000.0, 10900  33594(  5759),10800.0, 10850  27167( 11972),10900.0,10850.0,184,176,501.11799398066665,582.6635780393333,171.56219416415536,139.04779612584466,0.3,10863
2019-09-16,10898.13,1195,多 :0.22,多 :0.23,198,339.5,213.5,221.0,225.5,92,146.84,31.002,,"['油電燃氣業(6.97)', '塑膠工業(2.13)']",[],['電器電纜(-1.06)'],"['線上遊戲業(-1.45)', '紡織纖維(-1.24)', '文化創意業(-1.10)']",11000.0, 10800  29702(  4096),10800.0, 10000  26820(  -382),10950.0,10800.0,237,170,632.2620417024045,454.33593741759535,113.21683672387087,134.55618440612912,0.3,10881
2019-09-12,10827.55,1208,多 :0.13,多 :0.24,198,342.5,209.0,246.5,202.5,64,138.3,31.055,,"['其他電子業(1.6)', '汽車工業(1.31)', '光電業(1.21)', '電子零組件業(1.17)']","['電子零組件類(1.89)', '光電業類(1.07)']",[],[],11000.0, 10900  32204(  8338),10000.0, 10100  23968(  -266),11000.0,10750.0,246,121,551.6186526817656,566.8976530982344,150.26298501207893,130.0596152079211,-7.0,10824
2019-09-11,10790.35,1199,多 :0.25,多 :0.17,209,372.0,178.0,270.0,173.0,64,151.2,31.22,,"['光電業(2.27)', '電機機械(1.88)']","['線上遊戲業(1.41)', '文化創意業(1.30)']",['觀光事業(-1.32)'],[],10800.0, 10900  23866(  2739),10000.0, 10100  24234(   784),10850.0,10650.0,236,152,674.5425179979369,440.8141171220631,132.1143505733132,137.9129521266868,-2.0,10773
2019-09-10,10753.58,1213,多 :0.36,多 :0.19,200,417.0,137.0,297.0,151.5,22,140.04,31.23,出貨日,['電機機械(1.04)'],[],"['光電業(-2.65)', '半導體業(-1.18)', '航運業(-1.12)']","['資訊服務類(-2.14)', '通信網路業(-1.54)', '線上遊戲業(-1.30)', '光電業類(-1.27)', '半導體類(-1.16)', '航運業(-1.15)', '觀光事業(-1.15)', '電子工業(-1.03)']",10800.0, 10900  21127( -2999),10000.0, 10100  23450(  -461),10800.0,10300.0,216,149,423.18219404931193,705.169108370688,96.21232081910496,169.41167719089503,0.9,10743
2019-09-09,10801.14,1167,多 :0.31,多 :0.16,181,416.0,134.5,312.0,134.5,42,142.5,31.25,,"['造紙工業(1.48)', '金融保險(1.09)']",['航運業(1.07)'],"['電子零組件業(-1.33)', '生技醫療業(-1.03)']",['其他電子類(-1.60)'],10800.0, 10900  24126(  1864),10000.0, 10100  23911(    30),10900.0,10700.0,269,130,483.26357831815545,588.4816018918444,146.0557255576499,153.56409160235006,2.2,10792
2019-09-06,10780.64,1313,多 :0.31,多 :0.14,164,435.5,113.5,321.5,119.0,92,145.89,31.257,,['水泥工業(1.03)'],"['電子通路類(1.25)', '航運業(1.17)', '通信網路業(1.12)']",['資訊服務業(-1.03)'],[],10800.0, 10900  22262(  4900),10000.0, 10100  23881( -1332),10900.0,10600.0,285,93,599.9418493107629,623.3197496192371,164.05556342093644,194.3502333290636,-11.1,10768
2019-09-05,10756.93,1546,多 :0.56,多 :0.18,146,432.0,118.5,293.5,123.5,188,137.93,31.28,多頭k,"['半導體業(1.79)', '電子零組件業(1.68)', '塑膠工業(1.48)', '電機機械(1.14)']",['電子零組件類(1.00)'],['玻璃陶瓷(-1.12)'],"['線上遊戲業(-4.66)', '文化創意業(-3.08)']",10800.0, 10700  21646( -8406),10000.0, 10100  25213(  1108),11000.0,10600.0,302,82,836.313599457545,527.586632862455,168.18604028938034,239.1531501606196,-33.6,10735
2019-09-04,10657.31,1070,多 :0.42,多 :0.13,106,406.5,155.0,289.0,144.5,53,132.78,31.365,,"['玻璃陶瓷(2.31)', '汽車工業(2.11)', '貿易百貨(1.65)', '半導體業(1.34)', '其他電子業(1.32)', '建材營造(1.23)', '塑膠工業(1.16)', '光電業(1.05)', '電腦及週邊設備業(1.04)']","['線上遊戲業(4.45)', '文化創意業(3.07)', '半導體類(1.62)', '電子通路類(1.22)', '電子工業(1.15)', '通信網路業(1.01)']",[],[],10700.0, 10800  27327(   787),10000.0, 10100  24105(  -494),10800.0,10500.0,333,80,660.681509472202,306.269401137798,241.06642875878708,106.62606213121296,-1.7,10644
2019-09-03,10558.21,1055,多 :0.33,多 :0.06,74,350.0,192.0,255.0,166.0,-71,127.4,31.432,,[],['紡織纖維(1.32)'],"['汽車工業(-2.06)', '貿易百貨(-1.61)', '半導體業(-1.37)']",[],10700.0, 10800  26540(  3198),10000.0, 10100  24599(  4790),10800.0,10100.0,243,91,343.4560732619126,647.3982123380872,149.1088298036927,172.6320031863073,-0.6,10543
2019-09-02,10634.85,1058,多 :0.54,多 :0.04,47,333.0,201.5,260.0,176.0,38,134.55,31.402,,"['電子零組件業(1.34)', '觀光事業(1.31)', '電器電纜(1.22)', '資訊服務業(1.06)']","['線上遊戲業(3.34)', '文化創意業(2.62)', '電子零組件類(1.68)', '生技醫療類(1.38)', '光電業類(1.20)']",[],[],10700.0, 10800  23342(  1285),10000.0, 10100  19809(  -803),10800.0,10400.0,309,82,624.9223630139902,345.61298211600985,178.60053780891613,99.47049711108387,-3.5,10605
2019-08-30,10618.05,1482,多 :0.15,空:-0.05,-4,216.0,279.5,200.5,224.5,151,129.2,31.41,起漲日,"['其他電子業(2.73)', '塑膠工業(2.34)', '油電燃氣業(2.29)', '電子零組件業(1.82)', '水泥工業(1.75)', '半導體業(1.75)', '汽車工業(1.67)', '金融保險(1.38)', '電腦及週邊設備業(1.37)', '光電業(1.19)', '電子通路業(1.18)', '觀光事業(1.18)', '其他(1.04)', '橡膠工業(1.03)', '紡織纖維(1.0)']",['半導體類(1.03)'],[],[],10700.0, 10800  22057(  2781),10000.0, 10100  20612( -3256),10800.0,10300.0,183,96,863.2418877044919,523.1197182855084,134.24145279319538,192.02454862680463,-28.9,10576
2019-08-29,10462.43,1042,空:-0.13,空:-0.17,-26,210.0,310.5,185.5,250.5,-18,122.06,31.442,,"['汽車工業(1.56)', '貿易百貨(1.07)']",[],[],['線上遊戲業(-1.37)'],10700.0, 10600  21489(  1281),10000.0, 10100  23868(  1841),10600.0,10000.0,148,211,506.04934661401916,464.85796389598084,145.15494246353728,137.44240782646276,8.6,10430
2019-08-28,10434.29,1020,空:-0.17,空:-0.19,-30,224.0,292.0,187.0,265.0,12,118.75,31.42,,"['光電業(1.2)', '半導體業(1.06)']",['電腦及週邊類(1.15)'],[],[],10700.0, 10600  20208(  1261),10000.0, 10100  22027(  2801),11800.0,10100.0,123,229,546.1635360439075,379.94583882609237,166.0530973182684,164.24239059173163,2.7,10413
2019-08-27,10387.23,1236,空:-0.26,空:-0.24,-32,243.5,237.0,201.5,235.0,-84,105.25,31.415,,"['資訊服務業(1.65)', '玻璃陶瓷(1.16)']","['線上遊戲業(3.60)', '文化創意業(2.88)', '資訊服務類(1.99)', '通信網路業(1.72)', '航運業(1.46)', '化學工業(1.21)', '電腦及週邊類(1.01)']",[],[],10700.0, 10600  18947(  1324),10000.0, 10100  19226(  4459),10700.0,10100.0,104,252,571.0399389672504,580.2806310027496,193.4783247833542,131.41572529664586,19.8,10364
2019-08-26,10354.57,1170,空:-0.26,空:-0.25,-30,233.5,225.5,189.5,230.0,-144,98.28,31.451,出貨日,[],[],"['電子零組件業(-3.89)', '光電業(-3.03)', '電機機械(-2.24)', '汽車工業(-2.14)', '油電燃氣業(-2.13)', '其他電子業(-2.1)', '半導體業(-2.09)', '電腦及週邊設備業(-1.86)', '塑膠工業(-1.68)', '其他(-1.53)', '電器電纜(-1.53)', '化學工業(-1.32)', '航運業(-1.28)', '電子通路業(-1.24)', '觀光事業(-1.22)', '貿易百貨(-1.19)', '水泥工業(-1.01)', '金融保險(-1.0)']","['半導體類(-2.68)', '光電業類(-2.67)', '電子工業(-2.29)', '生技醫療類(-2.27)', '電子零組件類(-2.08)', '資訊服務類(-2.04)', '其他電子類(-2.00)', '航運業(-1.79)', '通信網路業(-1.64)', '電腦及週邊類(-1.40)', '線上遊戲業(-1.36)', '文化創意業(-1.21)', '觀光事業(-1.14)', '化學工業(-1.08)']",10700.0, 10600  17623(  4618),10000.0, 10100  14767(  1624),10600.0,10000.0,66,386,314.87141295792566,715.2836517420743,100.53527522011332,176.89683863988662,27.7,10307
2019-08-23,10538.11,1100,多 :0.22,空:-0.19,-30,278.5,193.5,211.5,198.5,-8,116.61,31.402,,"['電器電纜(1.61)', '橡膠工業(1.34)']",[],"['觀光事業(-1.58)', '電子通路業(-1.33)']",[],10700.0, 10800  15227(  2739),10000.0, 10100  13143(   834),10800.0,10200.0,146,176,509.93409905689316,487.87170606310684,155.7136927171057,157.5893186228943,-1.5,10499
2019-08-22,10529.78,1232,多 :0.39,空:-0.19,-74,254.5,204.0,203.0,209.0,-31,115.05,31.384,,['橡膠工業(1.62)'],"['資訊服務類(1.58)', '線上遊戲業(1.12)']",[],['光電業類(-2.10)'],10700.0, 10800  12488(  4344),10000.0,  9800  12368(   575),10700.0,9600.0,156,179,565.1980752226925,593.5388575573073,166.93149112625375,211.7129111337463,6.9,10477
2019-08-21,10525.8,1110,多 :0.19,空:-0.20,-134,207.0,266.0,170.5,250.5,-21,120.31,31.366,,"['其他電子業(1.13)', '橡膠工業(1.01)']","['通信網路業(1.82)', '資訊服務類(1.71)', '線上遊戲業(1.49)', '其他電子類(1.02)']",['汽車工業(-1.2)'],[],10700.0, 10600  11434(-25330),10000.0,  9800  11793( -4070),13400.0,7400.0,165,151,564.8258488736097,482.18417041639015,210.27894192224358,114.64785687775641,0.1,10528
2019-08-20,10522.5,1214,多 :0.31,空:-0.20,-175,182.0,284.5,156.5,265.5,-33,119.11,31.405,,[],['通信網路業(1.91)'],['電子通路業(-1.44)'],[],10600.0, 10550  28700(  6070),10200.0, 10400  25821(  1723),10600.0,10500.0,140,166,545.1404621138994,578.4667931161006,177.1384214568011,176.4699547231989,1.5,10527
2019-08-19,10488.75,1204,多 :0.03,空:-0.18,-228,158.5,339.5,142.0,304.0,-37,118.15,31.351999999999997,,"['半導體業(1.49)', '電子零組件業(1.45)']","['半導體類(2.82)', '電子工業(1.92)', '電腦及週邊類(1.78)', '通信網路業(1.64)', '光電業類(1.01)']",[],['觀光事業(-1.54)'],10500.0, 10600  30274(  1801),10200.0, 10400  24098(  7572),10550.0,10400.0,154,177,664.1031256565176,443.6578151934825,217.9518646713549,98.01846677864508,9.5,10484
2019-08-16,10420.89,1200,空:-0.14,空:-0.18,-251,147.0,373.0,134.5,318.0,-103,111.62,31.366,,"['油電燃氣業(3.53)', '汽車工業(2.1)', '金融保險(1.28)', '航運業(1.27)', '塑膠工業(1.24)', '光電業(1.16)', '電腦及週邊設備業(1.09)']","['航運業(2.85)', '線上遊戲業(2.53)', '文化創意業(1.68)', '化學工業(1.49)', '半導體類(1.42)']",[],[],10500.0, 10600  28473( -1187),10200.0, 10000  27234(  1902),10450.0,10050.0,125,225,620.5840863297137,489.82659171028615,145.1166176850059,111.51170384499409,29.0,10414
2019-08-15,10327.13,1231,空:-0.11,空:-0.23,-255,146.0,383.5,138.0,318.0,-61,104.91,31.405,,[],[],"['油電燃氣業(-3.61)', '航運業(-2.23)', '觀光事業(-2.07)', '塑膠工業(-2.05)', '汽車工業(-1.54)', '玻璃陶瓷(-1.53)', '紡織纖維(-1.46)', '其他電子業(-1.41)', '電器電纜(-1.4)', '生技醫療業(-1.29)', '電腦及週邊設備業(-1.12)', '食品工業(-1.07)']","['觀光事業(-2.12)', '線上遊戲業(-1.73)', '紡織纖維(-1.55)', '半導體類(-1.55)', '文化創意業(-1.46)', '通信網路業(-1.23)', '電子工業(-1.17)', '電腦及週邊類(-1.09)']",10500.0, 10600  29660(  4184),10200.0, 10000  25332(  5482),10500.0,10150.0,95,533,534.4070847132414,589.7723294067587,151.56916506598077,145.15447946401923,9.9,10301
2019-08-14,10427.73,1461,多 :0.06,空:-0.21,-268,132.0,393.0,138.5,294.0,-26,111.97,31.401999999999997,多頭k,"['水泥工業(2.39)', '電機機械(1.74)', '光電業(1.63)', '電子零組件業(1.63)', '半導體業(1.32)']",['通信網路業(1.62)'],[],['線上遊戲業(-1.22)'],10600.0, 10900  22109(   450),10200.0, 10300  21604(  3284),10650.0,10150.0,124,322,682.4236245370777,679.2801864829223,146.74575705703748,187.57850019296254,0.5,10429
2019-08-13,10362.66,1193,空:-0.12,空:-0.24,-298,116.5,459.5,111.5,347.5,-75,103.72,31.506,,[],[],"['水泥工業(-5.72)', '資訊服務業(-2.04)', '光電業(-1.86)', '半導體業(-1.68)', '航運業(-1.53)', '電機機械(-1.21)', '汽車工業(-1.1)', '化學工業(-1.0)']","['紡織纖維(-2.45)', '通信網路業(-1.64)', '半導體類(-1.57)', '電腦及週邊類(-1.36)', '電子工業(-1.22)', '電子通路類(-1.17)']",10600.0, 10900  21659(  -415),10200.0, 10300  18320(  2803),10600.0,10300.0,111,431,410.3173630788812,698.3074914711191,111.67510378393206,142.35286273606798,1.8,10342
2019-08-12,10472.36,1266,空:-0.15,空:-0.16,-311,88.0,534.5,100.5,389.5,-36,111.76,31.4,出貨日,"['資訊服務業(2.49)', '橡膠工業(1.69)', '其他電子業(1.34)']","['線上遊戲業(2.27)', '航運業(1.96)', '文化創意業(1.51)', '電子零組件類(1.06)', '建材營造(1.06)']","['塑膠工業(-1.52)', '觀光事業(-1.12)']",['觀光事業(-1.22)'],10900.0, 10700  19195(  2466),10200.0, 10000  17550(  -377),10700.0,10200.0,144,277,613.8205428646737,579.3351554653262,156.66019378117227,163.43021042882773,13.7,10439
2019-08-08,10494.49,1240,空:-0.45,空:-0.16,-313,62.5,632.0,84.5,445.0,17,108.55,31.363000000000003,,"['觀光事業(2.07)', '光電業(1.78)', '半導體業(1.72)', '電子零組件業(1.72)', '食品工業(1.58)', '生技醫療業(1.46)', '水泥工業(1.39)', '電機機械(1.24)', '其他(1.2)', '資訊服務業(1.16)', '電腦及週邊設備業(1.15)', '貿易百貨(1.05)', '造紙工業(1.03)', '汽車工業(1.01)']","['觀光事業(2.67)', '電子零組件類(2.06)', '資訊服務類(1.78)', '電子通路類(1.37)', '電子工業(1.27)', '光電業類(1.22)', '電腦及週邊類(1.17)', '半導體類(1.15)', '文化創意業(1.07)']",[],[],10900.0, 10800  19299(  -907),10200.0, 10000  17927(  2002),10600.0,10100.0,115,222,829.8585172181457,311.06713587185425,235.6685519555184,98.49236145448158,-3.5,10439
2019-08-07,10386.18,1217,空:-0.83,空:-0.19,-283,57.5,646.0,81.0,457.5,-143,102.69,31.487,,[],"['線上遊戲業(4.06)', '文化創意業(2.22)', '資訊服務類(1.30)']",['光電業(-1.21)'],['紡織纖維(-1.29)'],10900.0, 10800  20206(   631),10200.0, 10000  15925(  1964),10600.0,10200.0,63,527,460.9438129364215,653.0206358635785,163.3997228667787,163.66448747322133,33.9,10347
2019-08-06,10394.75,1460,空:-0.82,空:-0.14,-216,75.0,607.5,95.0,411.0,-58,93.3,31.51,出貨日,[],"['線上遊戲業(2.92)', '文化創意業(1.86)']","['航運業(-1.39)', '油電燃氣業(-1.36)', '紡織纖維(-1.23)', '塑膠工業(-1.09)', '汽車工業(-1.06)']",['紡織纖維(-2.53)'],10900.0, 10800  19575( -1288),10200.0, 10000  13961( -3496),10500.0,9700.0,67,773,811.0447066714643,475.21119903853577,220.80875657067824,96.2002438593218,9.5,10331
2019-08-05,10423.41,1293,空:-0.86,空:-0.15,-145,82.5,556.0,98.0,395.5,-155,91.8,31.628,,[],[],"['其他電子業(-3.4)', '電器電纜(-2.18)', '半導體業(-1.9)', '電機機械(-1.64)', '電子零組件業(-1.62)', '電腦及週邊設備業(-1.58)', '光電業(-1.49)', '生技醫療業(-1.48)', '觀光事業(-1.44)', '造紙工業(-1.43)', '油電燃氣業(-1.35)', '化學生技醫療(-1.24)', '塑膠工業(-1.18)', '化學工業(-1.04)', '資訊服務業(-1.02)', '貿易百貨(-1.01)']","['光電業類(-2.55)', '生技醫療類(-2.50)', '紡織纖維(-1.90)', '其他電子類(-1.89)', '電子零組件類(-1.73)', '電子工業(-1.64)', '半導體類(-1.55)', '通信網路業(-1.52)', '線上遊戲業(-1.36)', '化學工業(-1.34)', '文化創意業(-1.21)', '電腦及週邊類(-1.11)', '資訊服務類(-1.11)', '電子通路類(-1.11)']",10900.0, 11000  20863( -5128),10200.0, 10000  17457(  5517),10600.0,10000.0,50,830,402.9584474956659,772.4234478343341,89.07874238545756,176.78828497454248,41.2,10379
2019-08-02,10549.04,1599,空:-0.63,空:-0.11,-69,131.5,440.5,129.5,339.0,-195,95.54,31.375999999999998,出貨日,[],[],"['光電業(-5.17)', '其他電子業(-2.98)', '電機機械(-2.61)', '電子零組件業(-2.55)', '其他(-2.29)', '資訊服務業(-2.11)', '汽車工業(-2.08)', '電器電纜(-2.0)', '半導體業(-1.87)', '塑膠工業(-1.78)', '生技醫療業(-1.46)', '電腦及週邊設備業(-1.36)', '觀光事業(-1.35)', '金融保險(-1.26)', '貿易百貨(-1.22)', '航運業(-1.2)', '橡膠工業(-1.11)', '化學生技醫療(-1.07)', '水泥工業(-1.04)']","['半導體類(-2.55)', '電子零組件類(-2.44)', '電腦及週邊類(-2.32)', '光電業類(-2.30)', '電子工業(-2.26)', '其他電子類(-1.45)', '通信網路業(-1.36)', '線上遊戲業(-1.33)', '文化創意業(-1.30)', '化學工業(-1.30)', '觀光事業(-1.29)', '生技醫療類(-1.23)', '資訊服務類(-1.05)']",10900.0, 11000  25991(   237),10200.0, 10300  15782(  -430),10700.0,10200.0,57,689,430.215696166761,1040.929722883239,116.6309574397965,213.27985756020342,42.2,10469
2019-08-01,10731.75,1310,空:-0.39,空:-0.02,-12,188.5,356.5,168.5,287.5,-158,108.87,31.182,,['資訊服務業(1.08)'],[],"['食品工業(-2.89)', '觀光事業(-1.75)', '紡織纖維(-1.29)', '電機機械(-1.29)', '水泥工業(-1.16)', '電器電纜(-1.1)', '金融保險(-1.01)']",['觀光事業(-1.29)'],10900.0, 11000  25754(  2279),10400.0, 10200  18419(  2231),10800.0,10200.0,101,405,579.5872108035431,637.770303226457,154.0788228210149,113.57595945898508,30.0,10644
